0.43373965383405294,-0.27424598752657414,0.858279831168488,0.003844792176649119,1624111604133404
0.4358876535845714,-0.27119188427654023,0.8581130940357524,0.009941488795157319,1624111604140386
0.43529502739294074,-0.27449071428559413,0.857416551413318,0.003153452149084022,1624111604148364
0.4381453437926411,-0.26786081515201715,0.8579014412378391,0.01686293393700469,1624111604163324
0.437536160731129,-0.27118392048567846,0.8572744259159231,0.01009692989007298,1624111604171302
0.4375728121545407,-0.2740543074499568,0.8563922300269445,0.004076638415232659,1624111604178285
0.4372037495083252,-0.2707635738508232,0.8575598780306133,0.011446575186990965,1624111604186263
0.4428802577207047,-0.2786967493626505,0.8521376823744816,-0.006824184448074014,1624111604208204
0.44142330273508673,-0.27576595551012656,0.853872690562838,0.0001841059883850217,1624111604216182
0.4404326607795465,-0.273077353417267,0.8552228988924765,0.006451633841066458,1624111604223165
0.4442119124813258,-0.26974100072095464,0.8542576381670706,0.012627627368560223,1624111604231142
0.44213882068532956,-0.2724825501279403,0.8545220538159641,0.007653931075388847,1624111604238124
0.4462703204830939,-0.2692155176546949,0.8533359404050989,0.013549129963835971,1624111604246103
0.44340334451543484,-0.2716480375974196,0.854114199670491,0.009473735442479357,1624111604253084
0.4430300724749503,-0.26827139503851005,0.8552597572733988,0.016898552469937208,1624111604261063
0.44388645715138336,-0.27146529844360884,0.8539136220095268,0.010145493831575304,1624111604269042
0.4419271951290713,-0.26910576862815483,0.8555881216871097,0.015855772586827424,1624111604276022
0.4470256288250613,-0.27372817889295936,0.8515961379116683,0.0049989146255326146,1624111604289986
0.4444036137521455,-0.2712601558729554,0.8536967116608895,0.011192873589837738,1624111604297964
0.45015418289076675,-0.2718987547956543,0.8505070130890712,0.008372541598909959,1624111604305942
0.4463355415552701,-0.2710971925719255,0.8527378360255276,0.011361317471341097,1624111604312924
0.45796759358789496,-0.2664627707037114,0.8479032001996788,0.01798438609898646,1624111604328882
0.4541043182665802,-0.26804522693127514,0.8495200631657439,0.016021445935882436,1624111604335881
0.4424577475807131,-0.2734183902759296,0.8540472582131412,0.008763914840833236,1624111604357804
0.45325290385629835,-0.2691115430608368,0.8496565309325854,0.014985392248887824,1624111604372764
0.454706543344967,-0.27268558597257886,0.8478375557525792,0.007483962690654026,1624111604381741
0.45516903132784,-0.26282858419692046,0.8502689705337172,0.028017244629892822,1624111604403682
0.4563242143514125,-0.2656849447649156,0.8489341287763401,0.022148736320297114,1624111604410663
0.4584787455050432,-0.2687433488669005,0.8469532927865092,0.015632408580091874,1624111604418641
0.46768627494997994,-0.2632862666401267,0.8434168781207795,0.024451170178828953,1624111604433602
0.4607757427025227,-0.2680876893580247,0.8458819722718728,0.017274105969923494,1624111604448562
0.4636310706718685,-0.266146730538022,0.8448617941966148,0.02051089560344206,1624111604453549
0.4597699264712183,-0.2697583544622591,0.8459470699207756,0.014683317163345783,1624111604463522
0.4634837279488827,-0.26687862916449434,0.8447331016054543,0.01961168717667108,1624111604470502
0.46013679642167893,-0.2648319336993189,0.8470683154220235,0.024767811368170366,1624111604478482
0.48234447046162265,-0.2729231651111756,0.8323728166324682,0.0035002702933114057,1624111604515383
0.47870524999439984,-0.27125642849684645,0.8349822928546847,0.008111981636300314,1624111604523362
0.4750855255974066,-0.26953450798138084,0.8375452443837516,0.01276150403489971,1624111604531340
0.47360364448444064,-0.2634966857636281,0.8400233989194704,0.025095294188745912,1624111604545303
0.47174315793907345,-0.2667531808092272,0.8401927078878841,0.01942542349229338,1624111604553281
0.47478798585425713,-0.2629243067423781,0.8395033388819286,0.02610213436849986,1624111604561260
0.47297762519696857,-0.2688401503604433,0.8389173523116208,0.015323694321868848,1624111604575223
0.47815901379015296,-0.262549709840686,0.837705288236025,0.0261047400906103,1624111604588188
0.47549993572393284,-0.2664143707222774,0.8381784993249795,0.019493523758258056,1624111604598161
0.4796678903927919,-0.26278910932550315,0.8367902871219667,0.025349838744537976,1624111604606140
0.4796696632921751,-0.26583030570026833,0.8359818658801013,0.019636257487048087,1624111604613128
0.4837471360861984,-0.2582343916806599,0.8355939222464969,0.03296216598520161,1624111604628102
0.4830465833067197,-0.2616771786624651,0.8351503007194248,0.026740002453459137,1624111604636060
0.4828394235079022,-0.26473628561697654,0.8344671001739907,0.021105660650502758,1624111604643052
0.48707440091655957,-0.26109534089716613,0.8329870843852735,0.02683781252055474,1624111604651020
0.48571254151620563,-0.2639949859896199,0.8330140503471969,0.02185329060728623,1624111604658015
0.48943501376008547,-0.2601461770903124,0.8318595777707649,0.028053105389697276,1624111604665979
0.4880719005122797,-0.26303449870423345,0.8319039341677363,0.023119618032887323,1624111604672962
0.4907705908374632,-0.25894512887815835,0.8313793656285214,0.02999996344061928,1624111604680940
0.48997419358246336,-0.2619539438996032,0.8310800288888041,0.024726635048932046,1624111604687921
0.4877144405754053,-0.2554865313169427,0.8339504271490022,0.0372550913010943,1624111604702881
0.4902834611174119,-0.2586629146714989,0.8317230434995049,0.030861031095814784,1624111604710859
0.49213220259346885,-0.26155909676019184,0.8299151159800711,0.02517209447540645,1624111604717841
0.4980661634907836,-0.25917869097818597,0.8270228969473946,0.02810037104995162,1624111604725819
0.4911800732439414,-0.26271196621714804,0.830156151194173,0.023776523902241022,1624111604740781
0.4968211585741381,-0.2599774533196814,0.8275420729300431,0.027469577519704125,1624111604748758
0.501736469887994,-0.2575761895862001,0.8252110088957707,0.0306889579460112,1624111604755740
0.4980885498495855,-0.2595070510266889,0.8268978627143765,0.02835157164187905,1624111604763718
0.4996394641729563,-0.25586874878547455,0.8268567916970497,0.0346328638778064,1624111604770699
0.49908866988110673,-0.2594827782116095,0.8262973345084187,0.028493900964500864,1624111604778679
0.49841207350302674,-0.25629106849906863,0.8274710117022103,0.034525613485351624,1624111604785660
0.5015851196710431,-0.25935635350414843,0.824825049993432,0.0284655322266973,1624111604793639
0.5005040478736104,-0.24885971865799864,0.8278157828847483,0.047807615486481804,1624111604815580
0.5022237827496314,-0.25244370265865884,0.82603862940483,0.04127507431401694,1624111604823559
0.5041548464102615,-0.2559770192731242,0.8240714091508754,0.034784609602272996,1624111604831538
0.5093582626604843,-0.25598018691839064,0.8209105971105807,0.033676337631469384,1624111604838519
0.514970788334127,-0.25376469043886135,0.8179797866880498,0.036299278488275896,1624111604846497
0.5114132877886538,-0.25516817798207025,0.8198362216655041,0.03484565487604645,1624111604853479
0.5070680755064663,-0.25534297518985744,0.8224410374465829,0.035674525184630206,1624111604861457
0.5122819868097862,-0.25471393854740376,0.8194024410733649,0.0356035821638531,1624111604868439
0.5080650742266396,-0.2540933977977483,0.8221213731582495,0.03772099339981526,1624111604876418
0.5181640646137048,-0.25461730571482233,0.8157724397008401,0.034516031030061574,1624111604890379
0.5058243562017459,-0.25419703715485964,0.8234439720901895,0.03828330971991882,1624111604913319
0.5109138205722301,-0.2542382400860315,0.8203393638986258,0.037058241521181305,1624111604920299
0.5172912128562436,-0.2547036186250258,0.8162872566563667,0.03479917213752017,1624111604929277
0.5457600600061062,-0.24766045737613288,0.7995071986448293,0.03998117143698335,1624111604968172
0.5425473444795901,-0.2484660597822792,0.8014638346963817,0.03953122573592987,1624111604974156
0.5345206057067508,-0.25039463476762214,0.8062920101094897,0.0385154954281498,1624111604989116
0.5180167945446839,-0.253757763646223,0.8160096824094047,0.03733357969738129,1624111605019036
0.5229365055871745,-0.2528618910932112,0.8131228193893333,0.03780946634616355,1624111605026018
0.5146344494526223,-0.24542857582984956,0.819857769940605,0.05243505192851689,1624111605047959
0.5192346393393142,-0.24723736653500197,0.8166438050334962,0.04860009875938768,1624111605055937
0.5233774582729462,-0.24863919050497824,0.8137470693264065,0.04550050856269601,1624111605062919
0.5383515253023776,-0.25100670947794346,0.8035479324551037,0.03852255506566048,1624111605085857
0.5345370265410995,-0.2504531645743568,0.8061712753732672,0.0403887902063197,1624111605092839
0.5396828722777922,-0.24819527513732426,0.8033051623572934,0.042922242481290326,1624111605100818
0.5366471127626388,-0.25111023784324876,0.8046334424074201,0.03896855364798579,1624111605108795
0.5454722472000436,-0.24494697294496445,0.800170725740571,0.04677411300539142,1624111605123756
0.5425182565446715,-0.24692287282949296,0.8017121899557451,0.044278670550542895,1624111605130738
0.5389098263806708,-0.24833424202483803,0.8037889341424947,0.0427744388435062,1624111605138716
0.5357429816271609,-0.2493442592810934,0.8056422512219604,0.04180264401702252,1624111605145697
0.537931690694963,-0.2564128527560558,0.8024951306457131,0.02972390246046815,1624111605160658
0.537940420895799,-0.25216510565377476,0.8035521882452813,0.036561507399060694,1624111605168636
0.5366925128165846,-0.2490283536251235,0.8051053699370099,0.041849361715219836,1624111605175617
0.5426711341821053,-0.24966354966977414,0.8010142719218892,0.039399089700670055,1624111605183596
0.5369160871997991,-0.24614403180713573,0.8056025460674583,0.04624682347377056,1624111605198556
0.5514369874685188,-0.2509287378734726,0.7948035783635176,0.035203539330848264,1624111605220497
0.5481222221216943,-0.24955214177624388,0.7973866953752216,0.03821277521783942,1624111605228476
0.5449201696663477,-0.24915223163452901,0.7996327919711915,0.039655670044647894,1624111605235458
0.5555426458960357,-0.2448147224953901,0.7934023000546883,0.04416911260448133,1624111605250418
0.5528330399028462,-0.24611878197693138,0.7949608632149194,0.042876579930774435,1624111605256401
0.5644648672933004,-0.2480710475419637,0.7864049906297756,0.0375147927566184,1624111605273356
0.5612890571559854,-0.24693744709007545,0.7888995330354542,0.04017484683260611,1624111605280337
0.5480610487921737,-0.24014481493276496,0.7993833824304125,0.05427487956544574,1624111605311255
0.5570172152562255,-0.24279860343799387,0.7927186351744202,0.048762952371280976,1624111605325217
0.5619862454852435,-0.2444658483030639,0.7888880878315219,0.04542569511177783,1624111605333197
0.572583036735854,-0.23331862021056624,0.7836093258850689,0.060559985892773706,1624111605356135
0.5711817478072226,-0.23684792229422044,0.7839163725247339,0.0559427704396194,1624111605363116
0.56936941093048,-0.2407782743369818,0.7843842336738971,0.05084948837300754,1624111605371094
0.5659267218172354,-0.2419594860620986,0.7865587198304911,0.05007926613262013,1624111605378076
0.5712485076944613,-0.2401274646494577,0.7831467679163854,0.05191418958236291,1624111605386054
0.5673352231478498,-0.2415968270850016,0.7856061046960433,0.05084059384535708,1624111605394034
0.5719794356484542,-0.24006525515438853,0.7826046288257277,0.05232774984154328,1624111605401015
0.5766171833615964,-0.2385799878311448,0.779554979400575,0.05372380617937472,1624111605407995
0.572656950787186,-0.2397728230695314,0.7821499303586777,0.053051828171188885,1624111605415976
0.5773391297896755,-0.2384240778299815,0.7790331783666526,0.05422910038507335,1624111605422955
0.5734968858097297,-0.23981051432545988,0.7815097262958708,0.053242716783172904,1624111605430934
0.5774386352834218,-0.24174527175283267,0.7782321260806488,0.04978558027342478,1624111605437916
0.573658784065012,-0.24057468700369353,0.7812065308754711,0.05249548128780795,1624111605445895
0.5696527588542311,-0.24117557884263674,0.7839381379329168,0.052640957380666965,1624111605453873
0.5744564563789469,-0.24082034160480278,0.7805587281077783,0.05228206928437939,1624111605460855
0.5704137524352194,-0.24032674353836664,0.7835528683068018,0.05400101796448104,1624111605468832
0.5798767866430776,-0.23941968689162,0.77688331561551,0.05360447518136207,1624111605482796
0.5763188695609858,-0.24650195844852607,0.7778886182943182,0.04452687499864374,1624111605497756
0.5789395662440996,-0.2434207907676843,0.7766726321330527,0.048527515438612105,1624111605503740
0.5983993012588552,-0.2247330980509908,0.7656862999386018,0.07167845547757871,1624111605542636
0.5959751120103459,-0.2275244831681512,0.7670420581070413,0.06850369711362637,1624111605549618
0.5943670991072014,-0.23361818633297468,0.767096171978389,0.06094060591661218,1624111605561586
0.60229536352079,-0.23054324924851963,0.761567413999282,0.06407167269348193,1624111605573553
0.5958950397112283,-0.233534484954675,0.7658562950846217,0.06192641814092891,1624111605588513
0.5908062975492231,-0.2385553883281947,0.7686508746380244,0.05670166129808953,1624111605603473
0.5951078977736746,-0.23447847288649382,0.7661919138589541,0.06177691233275254,1624111605611452
0.5893868805198512,-0.23684212003918084,0.7700023089493886,0.06021095796476928,1624111605625414
0.606193553828093,-0.23527762672549077,0.757359235343273,0.059839805313356545,1624111605648353
0.6031917336405513,-0.23567690736898392,0.7595961355171512,0.06024814277724527,1624111605655335
0.5998509777598003,-0.2365538217491032,0.7619750104218039,0.06012634521735681,1624111605663313
0.596863279592169,-0.23686116281639516,0.764178506345248,0.06068134362134162,1624111605670294
0.5934191817677378,-0.23717151413868318,0.7667046059745855,0.06137910693899494,1624111605678273
0.5868854868593898,-0.23728656088246788,0.771524145071528,0.06333251068792105,1624111605693233
0.591591492778728,-0.23844874601789764,0.767735277214312,0.061190238723114576,1624111605700214
0.5854903854000785,-0.23419223139064183,0.7730214210731075,0.06923070072195564,1624111605716172
0.5903017711106648,-0.23467128917589114,0.7693054628455143,0.06813449857588046,1624111605723153
0.5958385364094011,-0.23449984477654104,0.7651003030317053,0.06788068672364517,1624111605731132
0.6005879601026691,-0.23352754450503094,0.7615920808245912,0.0688221662143451,1624111605738113
0.6059523989452861,-0.23208373060696158,0.7576337616740274,0.07035563496743626,1624111605746092
0.6027470532069829,-0.23186943230390936,0.7601212294223828,0.0717514654537918,1624111605753073
0.608236610216649,-0.23177378989085914,0.755790427964407,0.07148402135559141,1624111605761051
0.6050388973430163,-0.23218139518314543,0.7581742201760987,0.07205264945246102,1624111605768033
0.598187302314592,-0.23255501970427112,0.7633035476760519,0.07387698061703642,1624111605782994
0.6036987625300121,-0.2322951101391284,0.7590368504266735,0.07382306969733878,1624111605790972
0.6139798698658345,-0.2315804662744376,0.7509501589371497,0.07398017188353015,1624111605805932
0.610268498855738,-0.23162561896547226,0.7538397610225873,0.07515016064277132,1624111605813910
0.6249839076675195,-0.23208731434799895,0.7417165770499747,0.07339695500931438,1624111605835852
0.6212412260170967,-0.23225814976037495,0.7446965789927519,0.07444794290746885,1624111605843830
0.6179405661194836,-0.23263162696658865,0.7472590360545822,0.07507273748563231,1624111605850812
0.614084154271166,-0.23313569872308015,0.7502139000303033,0.07568025935004644,1624111605858790
0.6157393139124099,-0.22902521851492907,0.7495497639316592,0.08116463501339556,1624111605865772
0.6145562223899627,-0.23356706219453663,0.7496513184938629,0.07609190272299356,1624111605873750
0.6271697149302977,-0.2266484322863573,0.7403949793707618,0.0842847040628062,1624111605895692
0.6208590093906315,-0.23124500419587143,0.7446843761734296,0.0806536941257182,1624111605910652
0.6169716416170256,-0.23148961089889056,0.7477274306410558,0.08162256399549082,1624111605918630
0.6309121341097924,-0.22853475243029953,0.7365549726494687,0.08490299305672028,1624111605940572
0.6271665673664204,-0.22888766626331833,0.7395301604107837,0.08583516093742503,1624111605948551
0.6242604145589756,-0.22723950290414455,0.7421173632080424,0.0890110238098376,1624111605955532
0.6343221943638238,-0.23008623311624143,0.7330848089342438,0.08533663912813387,1624111605971489
0.6312294026158289,-0.22923995074575632,0.7357535113890707,0.08755145192399706,1624111605978470
0.6279104181585421,-0.22750513398696068,0.7387151502736305,0.0909387020676427,1624111605986449
0.6325089483338163,-0.22721064104216437,0.7348480966199951,0.09113742243902336,1624111605993430
0.6373047887826112,-0.22487122503784815,0.731077096532089,0.09381800078310776,1624111606001409
0.6318069393431006,-0.22843270653662395,0.7350527245083474,0.09130160006873851,1624111606015372
0.636681610830975,-0.22610830685195277,0.7312346517600061,0.09384798382299236,1624111606023350
0.6410582528803378,-0.22428563271148216,0.7277186236265148,0.09573858261092931,1624111606030332
0.6379356236971658,-0.2259206540037659,0.7301014633266457,0.09460365405685679,1624111606038310
0.6347985469948606,-0.2274742599509921,0.732487944104271,0.09352901974713738,1624111606046289
0.6398809713639131,-0.2253180218630935,0.7284518069533528,0.09561431093969536,1624111606054268
0.6348949066448762,-0.22924434764636,0.7320319461729003,0.09211252016368064,1624111606068230
0.6436913494301654,-0.22538953781977136,0.7250490150531008,0.09573363400963636,1624111606082193
0.6476445792075634,-0.22528101531465297,0.7215982057274162,0.09539912291436764,1624111606088177
0.6532321688903097,-0.222872918408757,0.7170071270239833,0.09755088704691003,1624111606097152
0.6519974094871969,-0.22580527503004796,0.7176202658285241,0.0945119561896138,1624111606103137
0.657955784570023,-0.22242063484341484,0.7127965587284314,0.09769499788424957,1624111606113110
0.6547341205988554,-0.2231909936601109,0.7155424807616745,0.09750881959127801,1624111606121089
0.6672956532317836,-0.21407874457025022,0.7053844892261956,0.10639325476876828,1624111606143031
0.6644828359200194,-0.2159227104894047,0.7077023264369386,0.10486830321094179,1624111606151008
0.6565714869681157,-0.22027611459377835,0.714215206404313,0.1014344851655044,1624111606172951
0.6536686375672724,-0.2219391380180242,0.7165604449395754,0.10000729985736112,1624111606180929
0.6510835880425154,-0.22434493507008205,0.7184888139622386,0.09763880223159455,1624111606188908
0.6556039129977397,-0.22271318084373076,0.7147235813405427,0.09875500299361244,1624111606195889
0.660133486747848,-0.2211022433139397,0.7108996031629863,0.09979645233364147,1624111606202871
0.665203003331874,-0.21879749751961414,0.7066385641182343,0.10146210690858624,1624111606210849
0.6625483767981555,-0.219472219403384,0.7089934250398112,0.10094511658619047,1624111606217830
0.659410568425996,-0.21930516870374075,0.7119026986913256,0.10137797011153855,1624111606225809
0.6694385711846277,-0.21935756543824464,0.7027611443633174,0.09930272840386085,1624111606240769
0.6635736841002946,-0.21845533921399318,0.7083791168116579,0.10072863249144777,1624111606255730
0.6686088280805028,-0.21976238424823086,0.7035808170585939,0.09818738895352652,1624111606263708
0.6664256276468777,-0.2168798868266249,0.7060816676053007,0.10143311183855636,1624111606270689
0.6713223295477782,-0.21856489439119894,0.7013293999497994,0.0984519657313297,1624111606278668
0.6693483139155052,-0.21534751707646238,0.7037047192437568,0.101970337164974,1624111606285648
0.6742412506376626,-0.21707837069743957,0.6989163470114763,0.09895280083978958,1624111606293627
0.6773537746798183,-0.22033987906397579,0.6954803543263773,0.09460062561701799,1624111606300609
0.6753936128193279,-0.21632860763879289,0.6980362349674558,0.0989485520479004,1624111606308588
0.6770065032738604,-0.22043566947053284,0.6958765144884747,0.09394778727224161,1624111606315570
0.6781911251547603,-0.21457796378867783,0.6957383288837428,0.09980617686136503,1624111606323556
0.6800486191685877,-0.21866195556548937,0.693339674966239,0.09487317783695763,1624111606330529
0.6827830926013554,-0.20767809520525765,0.6924572196599326,0.10573578472059852,1624111606345489
0.684035957333653,-0.21257928300611065,0.6905661045970193,0.10011649560856155,1624111606353468
0.6879435105293138,-0.2150074543773295,0.6863979267261938,0.09676469949711616,1624111606360449
0.6834821941035537,-0.20850340812505325,0.6917779670771761,0.10402722437034982,1624111606376406
0.6859235905247564,-0.2116918061545543,0.6889553933214182,0.1001792053371297,1624111606382390
0.6842451894980341,-0.21422734000902258,0.6902008904323826,0.09766216405448033,1624111606389371
0.6812241832708404,-0.21511648538342798,0.6929809677039604,0.09713850031445002,1624111606398348
0.6785276545391282,-0.2160879600569676,0.6954088763669688,0.0965023844994391,1624111606406326
0.6761204999398465,-0.2170132166748903,0.6975467508466641,0.09588985208441342,1624111606413308
0.6741770200846848,-0.21943201701286086,0.6989812619602035,0.09359557109138886,1624111606420289
0.6790143822101448,-0.2166014886229349,0.6948567857599195,0.09590261290234674,1624111606428268
0.6933873630422115,-0.21070804449372096,0.6817902796593966,0.09989043658410081,1624111606451206
0.6903914948661606,-0.2120214970690425,0.6845445994141159,0.09902100792275118,1624111606459197
0.687645608625188,-0.2127211689323491,0.6871276246074667,0.09873625842541296,1624111606466166
0.6913761522297057,-0.21011701131096938,0.6838724358223536,0.10083823286925277,1624111606473147
0.6879720892269426,-0.20983453000306695,0.6872724228452999,0.10158981868011766,1624111606481127
0.692735618770675,-0.209291270221217,0.6826712092712929,0.10136343881138873,1624111606489105
0.689725487794792,-0.20867184837499117,0.6857488649083175,0.1023880142348449,1624111606496086
0.6984301603620778,-0.20776289123312894,0.6772503763182085,0.10179302480965173,1624111606511047
0.6886842922474974,-0.20761516757018617,0.687018501561532,0.103031385114025,1624111606532987
0.7017166269825548,-0.2060711663376805,0.6743098993392734,0.10214993623841923,1624111606555926
0.6985240540134386,-0.20548910410731572,0.6776640751586521,0.10300376350974842,1624111606562907
0.6920451673222173,-0.20921015438595192,0.6836659801984185,0.0995260026681795,1624111606577867
0.6958494242050297,-0.20677043482538415,0.6803163119942264,0.10104099044558378,1624111606585846
0.7067484301907523,-0.20236658015676598,0.6700836777711051,0.10267564678789344,1624111606607787
0.7028318758015781,-0.20404798771857355,0.6739081697048306,0.10119067086605017,1624111606615766
0.6995413801594669,-0.2061782995466626,0.6769712655399632,0.09920822482967588,1624111606622748
0.6963922029110252,-0.2100771848202424,0.6795639585501946,0.09538502179231813,1624111606630725
0.6966188034351046,-0.20459572362672274,0.6802511050261926,0.10060450628547772,1624111606638705
0.6908408262610674,-0.21910257100000632,0.6836661490647543,0.08563651543052217,1624111606661643
0.6919557340526502,-0.21475560441440503,0.6834012360899866,0.08966628683591113,1624111606668624
0.6935804523218709,-0.20514799561385758,0.6834596382019054,0.09870855586789935,1624111606683584
0.6940337588644598,-0.20983630518972965,0.6823030281324296,0.09353311917234745,1624111606690565
0.6927568505916518,-0.1945449515534822,0.6859057305603455,0.10850592872220305,1624111606713505
0.6920492840261195,-0.20518982453707682,0.6852184881131564,0.09716248212812938,1624111606728465
0.6929644287130713,-0.20959726947856613,0.6836462299769676,0.0921798101743276,1624111606735446
0.6980236853438656,-0.19762622614930034,0.6805557592732019,0.10271644443334903,1624111606758384
0.6954465147724214,-0.2019235397699187,0.6825588053702414,0.09846068448486092,1624111606765366
0.6869150340406646,-0.21585461676662052,0.6887744666934462,0.08452369171188942,1624111606788313
0.6886453008312644,-0.21237636981330862,0.6877389268083152,0.0876304498475556,1624111606795286
0.692674173776321,-0.20442567040949733,0.6851560587850913,0.09473019249953561,1624111606811243
0.6856152807733497,-0.21039187451924476,0.6911549824173038,0.08928457977778619,1624111606825205
0.6818462277252739,-0.21429526874701812,0.6941473218129057,0.08557309828110443,1624111606833184
0.6841391852118617,-0.2106787227126218,0.6925844405676689,0.08885293319523797,1624111606841164
0.683183805634566,-0.21557411124820414,0.6926694915576992,0.08364607428574909,1624111606848144
0.6860399774158354,-0.2018552623391596,0.6922123307820958,0.09718894775892715,1624111606871083
0.6844828047122029,-0.20666821369686184,0.6930118147838524,0.09222886788124397,1624111606878065
0.68334250872456,-0.21226700988112196,0.6932068605346164,0.08631327125009908,1624111606886043
0.679599592754314,-0.210236355493265,0.6971565087107252,0.08898241803498216,1624111606893026
0.6820060342269645,-0.2138536067511779,0.6942538374219948,0.08453409597526743,1624111606901004
0.6781931319267269,-0.21202676456032074,0.6982308183073609,0.08701983270113015,1624111606907985
0.6796124237564929,-0.2167119001855668,0.6960697855120549,0.08154605748279782,1624111606915964
0.6764584644542376,-0.21369381242231472,0.6996238625888024,0.08523703008057193,1624111606922946
0.6716185694811336,-0.21406654520016205,0.7041267760968847,0.08549558197702385,1624111606930923
0.6746688018251088,-0.2137708379641993,0.7013361376348157,0.08515667165545443,1624111606937905
0.6660084905094341,-0.21769050507959944,0.7087437210616994,0.08201141641960623,1624111606952865
0.6725856199637904,-0.21429030419140718,0.7032837964436509,0.08426239379037109,1624111606968821
0.6743392166477685,-0.2107851282949164,0.7022498170859377,0.08764385308358313,1624111606975803
0.6706514226459083,-0.21478161786079425,0.7050489056905831,0.08367536385717432,1624111606983781
0.6641140859434215,-0.22265869231929464,0.709686952326882,0.07563079586502887,1624111606998742
0.6660752231275346,-0.21935132804092017,0.7085371207426204,0.07876509729599138,1624111607005724
0.6704052508537164,-0.2123815347067813,0.7058138758041128,0.08530917925835571,1624111607020683
0.6636120557269901,-0.22092751360410023,0.7106037278281389,0.07650107988296934,1624111607036640
0.6655666615431015,-0.21758604470581594,0.7094558735381512,0.07968497784317868,1624111607043622
0.6616911615074628,-0.2036928763871779,0.7152626956314715,0.09525384574925971,1624111607065563
0.6616965663498301,-0.20895614664996653,0.714523157219486,0.08917197236318422,1624111607073542
0.6609600781849286,-0.21427845894942865,0.7143621301117287,0.08308588410954511,1624111607081521
0.6582396863269748,-0.21822708499224433,0.7161534802113526,0.07887742073065801,1624111607088503
0.660746499523663,-0.21570322582240437,0.7143555611724789,0.08113146096914291,1624111607095483
0.6554815791585783,-0.224552607636538,0.7174967782470665,0.0715429870251949,1624111607110443
0.6571576254604738,-0.22095340346918604,0.7167096468961709,0.07517134321335965,1624111607117424
0.6588931854207559,-0.21816656020251574,0.7156798176428179,0.07788145372445529,1624111607123409
0.6621902041143316,-0.21401481886189935,0.7134548995903024,0.08175510463035168,1624111607133381
0.6582026844478769,-0.21755180784769376,0.7164659377940571,0.07821123364767381,1624111607141361
0.6546614167417548,-0.21505673028652636,0.720087183366683,0.0815075489705314,1624111607148342
0.6619111678369649,-0.2241331048898689,0.7119379036910071,0.06915474295510445,1624111607170283
0.6584323520068579,-0.22063767468566398,0.715800100629755,0.07359395544780227,1624111607178262
0.6548302575179263,-0.21727502972554685,0.7196679765362471,0.07789030006998747,1624111607186241
0.6524803439287442,-0.21354964936892748,0.7224118141601651,0.08238397175940766,1624111607193221
0.6538917803414057,-0.2181353237246592,0.7204025813303179,0.07656788463905571,1624111607201201
0.648251387971876,-0.21065118223084922,0.72667061368298,0.08570902301906645,1624111607216161
0.650115636326007,-0.21417042942954223,0.7245054427563606,0.08107126481563207,1624111607223142
0.6517808156221421,-0.21853951939172295,0.7223144503220732,0.07539284917610652,1624111607231120
0.6349616671537779,-0.21258266162969788,0.7379432488646289,0.08409550924303082,1624111607261041
0.6385843008052962,-0.21412498168145966,0.7346679365917863,0.08138553881920738,1624111607269019
0.641740025503425,-0.2154785410729381,0.7317782060657408,0.07898984194912419,1624111607276000
0.6449254789849529,-0.21667927341959575,0.7288549204918546,0.0767575657586759,1624111607282981
0.6486348769634742,-0.2177705970242218,0.7254628427399831,0.07451461106330293,1624111607290960
0.6455391133167125,-0.21474224348555077,0.7287140910906784,0.0783632279002809,1624111607297942
0.6478617065368298,-0.2184491626910036,0.7260741099680116,0.0732909227459028,1624111607305921
0.6431371811837368,-0.21783426500439712,0.7303146641700465,0.07458746856693624,1624111607313899
0.6502173469965189,-0.2195748388303484,0.7238794732912804,0.0707304740898385,1624111607328858
0.6460976425355175,-0.21893361134581651,0.7276251473666682,0.07202468363526443,1624111607335840
0.6234925225603536,-0.21923523520201024,0.7467574357125061,0.0744736071727998,1624111607373749
0.6382410931767317,-0.2189637237885934,0.7345705746817203,0.07147912602270938,1624111607403682
0.642062251006117,-0.21832773915788126,0.7314332595569283,0.07137542266840383,1624111607411638
0.6377549511620797,-0.2198627113971011,0.7348402247576706,0.07027698402367744,1624111607418619
0.6395311045737346,-0.2232252660461732,0.7326774931924626,0.06598589129899814,1624111607425603
0.6364669431676876,-0.21934026829426426,0.7359980717651436,0.07145988607162947,1624111607433578
0.6383339316725056,-0.22262917234102486,0.7337802573461515,0.06732441776418856,1624111607440560
0.6317362516145745,-0.21527434059990858,0.740594274358051,0.07801530275089309,1624111607456518
0.635160130776854,-0.2223297606683823,0.7364267634088397,0.06940250663953264,1624111607470481
0.6338262390038594,-0.21779773295066227,0.7383241174783288,0.07553769801643098,1624111607478459
0.6303802341709198,-0.22854814665959766,0.7391377354198904,0.06373313975818098,1624111607494417
0.6301892359650598,-0.22462926603722064,0.740032514981257,0.0689572076281331,1624111607501397
0.6309634121099279,-0.21247555956149672,0.741313765581895,0.08481279459148562,1624111607523339
0.6291214022888074,-0.21779398738237157,0.7419850931090588,0.07893137428293644,1624111607531318
0.6254585900871956,-0.22687981484055716,0.7433667480732695,0.06879665371966967,1624111607545281
0.6263614126896037,-0.22254063604992277,0.7433984735662758,0.0742007782931628,1624111607553258
0.6251841866613027,-0.21380410624945498,0.7457295646171526,0.08555672595085259,1624111607568219
0.6234044367722431,-0.21888859883364858,0.7464041586026963,0.07959598943367155,1624111607576198
0.6190417312199513,-0.2279970003618565,0.7483690499700626,0.06890912770531187,1624111607591158
0.6192214277433277,-0.2239245043949647,0.7489629395570802,0.07400780313589742,1624111607598139
0.6096727361359373,-0.2333594229547995,0.7548822913410516,0.06320807504114197,1624111607618086
0.6130452405752088,-0.2292868306268417,0.7530160550087646,0.06760105922409504,1624111607628059
0.6158534079039626,-0.22614821099226373,0.7513674303999177,0.07091227800810522,1624111607636038
0.6189747840933705,-0.22468616115499232,0.7491321201590186,0.07202369185241607,1624111607643019
0.6139684818474076,-0.22643922502185207,0.752867251343508,0.07041933345299167,1624111607650998
0.609592885073263,-0.22802249832189048,0.7560763875982401,0.06892569073643817,1624111607657978
0.6163802182293268,-0.22480216034930559,0.7512961997392091,0.07136830904032143,1624111607672939
0.6114440311559456,-0.22681011816711408,0.7549023206176698,0.06939634995331935,1624111607680918
0.6033173349647212,-0.23269784876063973,0.7602192488682984,0.06266257386476462,1624111607695878
0.6063344000200226,-0.22979586498204962,0.7584469054341338,0.06565628246327196,1624111607703860
0.6090916331437576,-0.22746918156204854,0.7567327466957385,0.06797576003315534,1624111607710838
0.6050835216304875,-0.23108971702828138,0.7592170994212235,0.06372495964266979,1624111607718816
0.6071686315630354,-0.22796871092282092,0.7581898892330401,0.0672652328535972,1624111607725797
0.6023443326512095,-0.23051453804158067,0.7614935195314994,0.06459080728692052,1624111607733776
0.6083437716033869,-0.22691044304232907,0.7575056836386009,0.06793118315557174,1624111607747739
0.6034155345281493,-0.22932672022714312,0.7609272575217978,0.06548783734652602,1624111607755718
0.606016280646428,-0.2268960352206907,0.7593568575424945,0.06811475387747346,1624111607762699
0.6013105689354028,-0.22982488819900682,0.7624854161346478,0.06497777029776612,1624111607770678
0.604079991439997,-0.2268482169700014,0.7608921427508185,0.06834030655076506,1624111607778656
0.5926684902676251,-0.23691016352273675,0.7677215600315406,0.056755980532997054,1624111607800597
0.5954104798197071,-0.2339549990170632,0.7662456895714349,0.06015781054018105,1624111607808576
0.5977826604464103,-0.23136461681292397,0.7649428270240437,0.06315676005848157,1624111607815558
0.6006712322454161,-0.22343463773144046,0.7641396223658451,0.07322343166758256,1624111607831515
0.5980432962463947,-0.22744224115692352,0.7654727066713253,0.06830650110741972,1624111607838496
0.5946359662610731,-0.23599567172935682,0.7664383267705568,0.05732714724211325,1624111607852459
0.5939925640744447,-0.23213742644872182,0.7676947886804157,0.06268780183546505,1624111607859440
0.593393403429227,-0.22883033298204125,0.7687604973414494,0.06729223730367512,1624111607865424
0.5919865718849698,-0.2398005833241652,0.7676559261974831,0.052459107113597185,1624111607883376
0.5915063959946424,-0.23595737256045116,0.7688328644384396,0.05779557414873342,1624111607890358
0.5910687683601169,-0.23155913313024495,0.7700249787072448,0.06387183338632928,1624111607898336
0.5882559933258845,-0.2361389371534465,0.7712509819491519,0.05801044318643245,1624111607906315
0.5891875888673229,-0.22808269702949865,0.7720772430932711,0.06879679598611053,1624111607921274
0.58784760815672,-0.2323298344686175,0.7723180281750327,0.06311022861658508,1624111607928257
0.5859554842802736,-0.2371078790691238,0.7727988443475181,0.05672715663905866,1624111607936235
0.5857289447997465,-0.233265822928809,0.7737313390928265,0.0620360700136819,1624111607943216
0.584965836802158,-0.2380571724696226,0.7733547687171335,0.05537286440657182,1624111607951195
0.5844794469664425,-0.23421905348299907,0.7744898312788168,0.060751232950776314,1624111607958176
0.5791233725100912,-0.23588631241373076,0.7781085857001733,0.059336294862975765,1624111607966155
0.5934797331898461,-0.23129465890830184,0.7683497377028953,0.06263599304947141,1624111607996075
0.5835276594429095,-0.2344101309259396,0.7752026344606394,0.060068600030695286,1624111608011036
0.5775286678060852,-0.2362800719368397,0.7792367727803837,0.05850143087534796,1624111608020012
0.5801386140260557,-0.2377440778765987,0.7770445557781435,0.05584532465731103,1624111608025995
0.5748511169989768,-0.23715244927242493,0.7810094914669508,0.05769820905065869,1624111608033975
0.5783621136429625,-0.23751807068338254,0.7783936719038047,0.0564422106353094,1624111608040954
0.5683000545844579,-0.23729840326151924,0.7856712152849077,0.058696313696619824,1624111608055916
0.5708363477189181,-0.23752503554690851,0.7838226773225654,0.057876870390956875,1624111608060901
0.575881803416584,-0.23830570364699974,0.7800389840852858,0.055764894065767574,1624111608070875
0.5559861834534995,-0.2372805830704748,0.7942527599781549,0.061154247388308235,1624111608100794
0.5595697425963594,-0.23771435263570875,0.7916984854870005,0.0598923851522016,1624111608107776
0.5636296946474267,-0.23841192272791284,0.7887336192978623,0.05814292908103989,1624111608115754
0.5676900702531841,-0.238954461410678,0.7857654396673127,0.05658112169533649,1624111608123734
0.5748847173446008,-0.23831128180482414,0.7807475691467699,0.056111745647144176,1624111608137696
0.5694129959006171,-0.23899712217311028,0.7845311005780177,0.05621537083662646,1624111608145675
0.5544063302864446,-0.23992556134601395,0.7948179545020811,0.05773876645933333,1624111608167616
0.5575024097498069,-0.23998788155953046,0.7926813095695309,0.05703701681242381,1624111608173600
0.5663106505823339,-0.24026820894634288,0.7864865434860326,0.05479371973249645,1624111608190554
0.5506907659439562,-0.24034895598144912,0.7972806617782453,0.05758129919626194,1624111608213494
0.55848411940042,-0.2407701964813062,0.7918739523359658,0.055324899238110896,1624111608228454
0.5619033607748674,-0.24182142979410715,0.7892903652246569,0.05298800435731313,1624111608235435
0.5567032088734882,-0.24388625875325118,0.7924720031959501,0.05088373189833183,1624111608243414
0.5602981350538333,-0.2429489225145938,0.790183837359782,0.05149100969648863,1624111608250394
0.5549252478679508,-0.24461138822180903,0.7935469010337878,0.050065496008374955,1624111608258374
0.5584975312613684,-0.243572390669623,0.7913069771145488,0.05085534434330888,1624111608265355
0.537525393365482,-0.2488643162279858,0.8043123886921323,0.047059377301629075,1624111608296272
0.5406171096946667,-0.24811766500896268,0.8024376502520241,0.04758762942084131,1624111608302255
0.5442009836383201,-0.24717143031920494,0.8002598208227415,0.048330038462604974,1624111608309238
0.5477595800130395,-0.24617409423634418,0.7980845524197905,0.04918134829136835,1624111608316219
0.5549247841377024,-0.2442476922883996,0.7936142601980819,0.05077356370953982,1624111608330181
0.550112403797901,-0.2455879790768345,0.7966063850694294,0.04981119339332784,1624111608337162
0.5531902924567245,-0.2448484469276311,0.7946648626803221,0.05037354851542259,1624111608343147
0.5484255491900224,-0.24641320599418548,0.7975598929407042,0.04907306878219521,1624111608350128
0.5604995617380405,-0.24218587680089015,0.7901521337938833,0.05334648845633311,1624111608374067
0.5557850405675429,-0.24389419114811128,0.7930506332227127,0.05185851280742186,1624111608381046
0.5524209057373589,-0.24516706797204488,0.7950805873852005,0.05070612635088113,1624111608386032
0.547652998091829,-0.24688341578731826,0.7979368162165862,0.049209856902404855,1624111608393014
0.5421814493174388,-0.24882773880428663,0.8011659437265276,0.047509609873894354,1624111608400992
0.5496935454244406,-0.2463620720968869,0.7966405220734522,0.05006609772465292,1624111608415952
0.5441846459270647,-0.24822214684966978,0.7999338896896218,0.048524314282719784,1624111608423931
0.5352772284823976,-0.2596603325733703,0.803103508902728,0.0328565723138609,1624111608445872
0.5368915718277868,-0.25657649418369904,0.802810845431559,0.03755914256417741,1624111608452854
0.5384987775616827,-0.25295804829369656,0.8026024087684909,0.04313543563050408,1624111608460833
0.5387408932466011,-0.24903956648494796,0.8032996161434703,0.04946989966228645,1624111608468810
0.5435464289577421,-0.25916108640404756,0.7977001652652475,0.032668902597986514,1624111608490752
0.5408776482444678,-0.25577087794753095,0.8003288140320555,0.03881258885370336,1624111608498731
0.5364789685604804,-0.2491083882191588,0.8047202931582644,0.050602144128611144,1624111608513690
0.5358938591910895,-0.25298652503124563,0.8042555322438053,0.04459404320230685,1624111608520671
0.5328568230000129,-0.24973361248757625,0.8069336269496192,0.05054553070421508,1624111608528651
0.5320244753876089,-0.2578867581037264,0.8056232699260437,0.037623457270147896,1624111608543611
0.5304830780447869,-0.2505457608012102,0.8082830932349497,0.049929618897133286,1624111608558570
0.5318627079983992,-0.25813369202298925,0.8056640844281768,0.03734220060063006,1624111608573531
0.5305293341443662,-0.2548207047337417,0.807311398109926,0.043050441729804205,1624111608580512
0.5189800343460538,-0.24733301662120524,0.8161803980821425,0.05775517834530978,1624111608603455
0.5212024187803123,-0.25004154083932734,0.8142669807869279,0.052882421582107306,1624111608610432
0.5234329188280787,-0.25332308761302014,0.812179154822946,0.04701503206857781,1624111608618411
0.5226999764054782,-0.2570780676482834,0.8118000843678257,0.04094172468678301,1624111608625392
0.5191134306277769,-0.24608129127762476,0.8163188218207149,0.059906805675457586,1624111608648330
0.5200654398869282,-0.2537253576610849,0.8142086108305292,0.047113895661366756,1624111608663291
0.5246903883398298,-0.25940993123306894,0.80998050624715,0.036579549765728844,1624111608678251
0.5218752414384313,-0.25668304185032625,0.8124145255943982,0.041745502790978314,1624111608685232
0.5177503034598119,-0.25345456207826256,0.8157142127819583,0.04801803093108698,1624111608694207
0.522039327699643,-0.2632738553358838,0.8107015664262446,0.030410321036089476,1624111608716150
0.5201460846398058,-0.26016961100137337,0.8126884647068578,0.03601782166767565,1624111608723131
0.504284218485225,-0.24560002241243634,0.8254414957205725,0.06343810464019639,1624111608761029
0.510866848680802,-0.2541709031106488,0.8198594060100829,0.047357885379918974,1624111608782971
0.5167538509683927,-0.25936618854358423,0.8150664498750122,0.036896070764435365,1624111608798928
0.5124071239331736,-0.2595599219700249,0.8177179274532193,0.03748302777337304,1624111608804912
0.5066036431667391,-0.26058432426645567,0.8210235273378421,0.03699900315562125,1624111608812891
0.5125222885440989,-0.2564691339231047,0.8183650413129081,0.042698316678462765,1624111608825856
0.5064388606359772,-0.26004448713169537,0.8212526870339193,0.03795483091404774,1624111608835829
0.5009833545379443,-0.262167558906459,0.8240262408583365,0.035561269800383585,1624111608843808
0.5200908517993489,-0.25293421998815935,0.8144263946168022,0.04732265826309607,1624111608880709
0.5005099640973864,-0.2619240455859729,0.8243431541607199,0.036659710466199154,1624111608910629
0.5048445597365859,-0.2604677461620686,0.8220843287033646,0.0382868151452099,1624111608918608
0.4997966858560305,-0.26047793849575046,0.8251005625797041,0.03954210407892554,1624111608925589
0.4962516468033444,-0.26422275093637404,0.8263034972222955,0.03381081795502153,1624111608933568
0.5005038501773688,-0.25803366612022915,0.8252152287353295,0.04398123883523462,1624111608948528
0.49731517108812384,-0.26191184028759423,0.8262208051882413,0.03793401635537672,1624111608956507
0.4918566480699611,-0.26868420736622517,0.8277351459855198,0.027209604217925353,1624111608970469
0.49583149665225446,-0.2585077708069052,0.8278450479961945,0.044692682490630485,1624111608993407
0.49434535515872124,-0.26103940668598635,0.8281530096893552,0.04054245345916242,1624111608998394
0.4910241899634522,-0.2660132707198722,0.8289047739894837,0.03238920080975386,1624111609008368
0.49203488466504974,-0.26289842100900596,0.8290703544013636,0.03779470804782147,1624111609015349
0.4895681472283827,-0.2668794183552481,0.8295347793812056,0.031152127932259327,1624111609023328
0.4910421355474935,-0.26386108462367813,0.8294211402241518,0.036270115624862806,1624111609030309
0.4871962884827722,-0.26744597170619355,0.8307669152013588,0.030639212025762218,1624111609038288
0.48964020569568606,-0.26425672990737065,0.8301418086031366,0.03585285587038368,1624111609046267
0.4862762331236829,-0.2679981063743178,0.8311587750307174,0.02979145461804589,1624111609054246
0.48894215263401597,-0.2623537388483947,0.8309937554074275,0.039439391016387555,1624111609067211
0.48332362667636775,-0.2700545701972213,0.8323233888109695,0.026581524603021687,1624111609083167
0.485380376781745,-0.2667030559771259,0.8320076647092504,0.03222756014241393,1624111609091147
0.48471149959888743,-0.2528811504734209,0.8353407806711814,0.05754707672417318,1624111609121066
0.48361464872945714,-0.2568916883949357,0.8352086972618461,0.05049716809934072,1624111609129044
0.48239733751755304,-0.26038452187739447,0.8351793629462956,0.044363737796495696,1624111609136026
0.4793164277226287,-0.2678294765767054,0.835190269922734,0.031310487352588616,1624111609150987
0.4824337137028592,-0.2695601856022683,0.8329768334888341,0.027287599598601546,1624111609157967
0.4734774823332817,-0.2663017839116119,0.8388249152638946,0.035709874563627904,1624111609172927
0.4799195979389975,-0.27096887855131035,0.8340310549874461,0.025401686700767326,1624111609188885
0.47595172272014274,-0.2692767476818759,0.8367073815816829,0.029677405619833664,1624111609195866
0.46029105734576875,-0.276257921793749,0.8434420497588501,0.02047466415604396,1624111609218805
0.4638800740845593,-0.2745441066529267,0.841970214162747,0.022955801710859296,1624111609225787
0.46802453259852017,-0.2726334857644056,0.8402170366713332,0.025677823372124386,1624111609233765
0.4715561170240358,-0.2708465778415529,0.8387346943356934,0.028303220423558314,1624111609240746
0.46609178685650177,-0.27334769905477146,0.84108008499316,0.024975433415138325,1624111609248725
0.4697386366314353,-0.2716858142712379,0.8395147397220659,0.027339227655635737,1624111609255706
0.47756038702671066,-0.2680499646593602,0.8360793703003869,0.03250507263678258,1624111609270667
0.46737629421282934,-0.2727099997853375,0.8405311351055593,0.026383073041710687,1624111609285627
0.47902607376798967,-0.2665459473976551,0.8355969990263509,0.03556590775542788,1624111609308565
0.4640151425730857,-0.274155341857328,0.8419622756154739,0.02506636061304388,1624111609331530
0.46764646157446427,-0.2723478393623117,0.8404550434125487,0.02772654637661118,1624111609338513
0.4510647094611113,-0.2775905768835365,0.8479423664326633,0.021859613738672172,1624111609361453
0.45921748107793936,-0.27497893130290807,0.8443213639317004,0.025046493176809962,1624111609375415
0.46862037322668676,-0.2721531925945001,0.8399566512613441,0.028291510375558573,1624111609391373
0.4634779761735242,-0.27363761204507014,0.8423732880233231,0.026793030831567293,1624111609398354
0.4473425552827565,-0.2780672675722192,0.8497423007024152,0.02238873232185627,1624111609420295
0.4521335269706914,-0.2768156570341154,0.8475754413050539,0.023753675638881852,1624111609428274
0.47025484794253414,-0.2720618068612337,0.8390555902038036,0.028783116260954096,1624111609458194
0.46432234135676714,-0.27366188662414503,0.8418837674937474,0.02730672365585907,1624111609466172
0.4591029421534651,-0.27505256914432885,0.8443304098854038,0.026014066500306073,1624111609473153
0.45306942078200485,-0.27658630170429843,0.8471256174684791,0.024623279441316318,1624111609481133
0.44781872283164414,-0.27804374134537824,0.8494790767278335,0.023138011619991298,1624111609488114
0.45249159184447546,-0.2766312456797192,0.8474123244268168,0.02487701013544236,1624111609496092
0.4471312381754445,-0.2777943104109755,0.8498986424858171,0.024005717063850227,1624111609503079
0.4519357657816838,-0.2766996261628462,0.8476812141109935,0.025058725665445942,1624111609511072
0.44049104012632956,-0.2792147341759399,0.8529210322811381,0.023075711905833764,1624111609526012
0.44471523559971343,-0.2783723215885396,0.8509829308868673,0.023775221094563544,1624111609532993
0.4538033305757179,-0.2766245832657116,0.8467067389728921,0.0250813729558019,1624111609547954
0.44762227813709315,-0.2779502525787759,0.8495870764993168,0.024078053328654585,1624111609555932
0.43590090049143637,-0.27921150623288477,0.8552328703002964,0.024659223342094024,1624111609570892
0.44016691661092683,-0.2789020267587288,0.8531591359912756,0.02421226271381712,1624111609577873
0.44502855738101926,-0.27861992760495313,0.8507451886815351,0.02351899215524652,1624111609585852
0.43991381034346644,-0.2804680848855509,0.8528605740286128,0.021031740234914418,1624111609592833
0.44442884014817946,-0.278805876322214,0.851004730304341,0.023264530349485252,1624111609600812
0.4336692774145242,-0.28293677115651983,0.8553200842544351,0.01747268798077788,1624111609615772
0.44139886292458963,-0.2797030469797833,0.8523165695145725,0.022129497283386746,1624111609629735
0.4451072963414633,-0.2779195453776386,0.8508958800501741,0.024827854404260254,1624111609636716
0.44067564918450486,-0.27941693924148003,0.8527654774586743,0.02285140554577672,1624111609642699
0.4333555221439828,-0.2819668163100329,0.8557588916419522,0.019350072429781453,1624111609652674
0.43778950540449013,-0.2800772716906545,0.8540549799847702,0.02207174671893818,1624111609660652
0.42672340783217,-0.2847835159864852,0.8582459593083233,0.014810657021585362,1624111609676609
0.43044407248777655,-0.2829498304186614,0.8569401315884947,0.017632492713227373,1624111609683591
0.44395305308298066,-0.2784096625383517,0.8513834286456045,0.023237983803164816,1624111609706530
0.42226615527718253,-0.28507737492996005,0.8603529179884309,0.014664273567473716,1624111609735452
0.4359834243208291,-0.2808810395739855,0.8547747992765093,0.019604536391466806,1624111609758391
0.4309186852612211,-0.2827949015999535,0.8567686869296227,0.016838866312890794,1624111609765373
0.43139104114316085,-0.2733432000568119,0.8589624174360544,0.03699770312507019,1624111609788311
0.4297977896347021,-0.2764454429417769,0.8590126281393922,0.030807171225275865,1624111609795292
0.4277742846316625,-0.2799661701549903,0.8591053718898563,0.023792119842680086,1624111609803271
0.42093655252595075,-0.2866790960767333,0.8605243282169888,0.011197998343213174,1624111609819255
0.42299290938079426,-0.2845638244510923,0.8601523222147859,0.015440563974480279,1624111609825213
0.4260037024531127,-0.28180493936785583,0.8594593868723441,0.020889805196153768,1624111609833219
0.42253887581132893,-0.2840544278438512,0.8605132844982916,0.017054842490120275,1624111609839175
0.424938731098837,-0.28072608126656134,0.8602578326887335,0.02400840283136955,1624111609848150
0.42228194347173814,-0.28374567322411365,0.8607165603247615,0.018258037327085752,1624111609855132
0.426100085931724,-0.28310176457626673,0.8590340571286367,0.018777549251584494,1624111609861116
0.4183104259912464,-0.28480997006645936,0.8623199036732888,0.017437092264887898,1624111609871089
0.4227773522438931,-0.2839942474576546,0.8603930529526453,0.01817614567035978,1624111609878071
0.42795973361890405,-0.2833758234472506,0.8580295912734597,0.01827100395514931,1624111609886062
0.4224982860823656,-0.28429402516407243,0.8604356594255416,0.017960554067368156,1624111609893031
0.42773650572570293,-0.28381440206990416,0.8580072922867353,0.01773000930775471,1624111609901042
0.42230187405037933,-0.2844902168993251,0.860467416659485,0.017951839166632767,1624111609907992
0.41063144548591973,-0.2865279247891915,0.8654441555819393,0.017028736394923978,1624111609922980
0.41588416524221,-0.2858140322885207,0.863162264703492,0.017366774015493452,1624111609930930
0.4211726447139981,-0.28535753978579603,0.860751374446401,0.017080668038625815,1624111609938908
0.4156838733870896,-0.2861589202058675,0.8631515907005449,0.01700944630600422,1624111609945891
0.41496727604627925,-0.28955611382982444,0.8624769717186801,0.009637946330812365,1624111609953868
0.4144592436593527,-0.2842918140926196,0.8642422713781501,0.022067989223777233,1624111609967831
0.41506705837047253,-0.2874959825052298,0.8630449477543894,0.014792405303349737,1624111609975810
0.4196785548767908,-0.28213446906232476,0.8623214823273371,0.025917427731795808,1624111609990769
0.41350484331256737,-0.2884737450789663,0.8634872354704066,0.01365419850592255,1624111610005729
0.4169859481940348,-0.2859789794519074,0.8625526767845951,0.018483021725278576,1624111610013708
0.3968985733354394,-0.29562959173656583,0.8689465210844931,0.0025710832582566618,1624111610043628
0.4009652621894253,-0.293470429946488,0.8677897418838463,0.006552033696237607,1624111610051607
0.40439473343105153,-0.2914950784412568,0.8668279153692838,0.010241286750015096,1624111610058589
0.4084839169978533,-0.2893270357314706,0.8655809179988261,0.014157342449789691,1624111610066567
0.40413528953918254,-0.29181668387416626,0.8668469733284283,0.009696163834679479,1624111610073548
0.4108247503094135,-0.287221363426534,0.8650908119495504,0.018568791158244755,1624111610088508
0.4017768745514732,-0.29266706101627815,0.8676669984655374,0.008678378048287288,1624111610103468
0.4238956193217184,-0.2796051574565444,0.8608468270362605,0.03280549077762167,1624111610148348
0.4193502916393443,-0.2820617643997334,0.862419036337507,0.02863389125479894,1624111610155330
0.414033301106229,-0.2847916786330894,0.8642300378491882,0.02401181033608884,1624111610163309
0.3983414654237512,-0.29211017679522133,0.869403145322168,0.011571190113570697,1624111610186280
0.3969793324403401,-0.2949559940570283,0.8691272216438329,0.005122868603015323,1624111610193228
0.39594199621640885,-0.28878751478099735,0.8714473716427609,0.02027770686504093,1624111610210182
0.39458576530077216,-0.2912367466334338,0.8713586188828863,0.014744101562520134,1624111610216167
0.3880750633456047,-0.29965193417593516,0.8715447263827425,-0.004031559047856897,1624111610237111
0.3899679688017553,-0.29642287622224267,0.8718071722494715,0.003273556956387938,1624111610246087
0.3923035641717396,-0.2936312085972575,0.8716602482709576,0.009329440501782315,1624111610254065
0.38944142847467883,-0.2963988346568763,0.8720504201549456,0.0033420516498347485,1624111610261047
0.3932507204379306,-0.2910773368349354,0.8720097798965688,0.015059834689257638,1624111610276007
0.3904802083905167,-0.2938647595963825,0.8724032979466957,0.009010863132220673,1624111610282988
0.3881745603804669,-0.2970716631354723,0.872391010461286,0.0016918929315895828,1624111610290966
0.38705515748725766,-0.2943277170208372,0.873774774406882,0.008783146703687713,1624111610298945
0.3839279862462903,-0.29985855967599895,0.8733073201081315,-0.004297698390696765,1624111610312909
0.3841627347900558,-0.2970056693125646,0.8741848872865098,0.002721843987652692,1624111610320887
0.383216074414571,-0.2892047716659339,0.8769319867181881,0.02227848797455908,1624111610342828
0.382417372036422,-0.29232579063018166,0.8764056316229157,0.014688585937191002,1624111610350806
0.381432848745414,-0.29803825822461516,0.875032550910896,0.0004619293950604318,1624111610365767
0.3812412433095005,-0.29524785229613343,0.8760286100283148,0.007595691292159674,1624111610373746
0.3808763640842744,-0.29788848758908554,0.8753254746100848,0.0009786431730754717,1624111610380726
0.37926857503687417,-0.2953097371905239,0.8768591998666188,0.008090161879441938,1624111610388705
0.3798471933580489,-0.303236226606994,0.8738467264149182,-0.012481959184992723,1624111610410647
0.3789938749158689,-0.3005653173663604,0.8752121626605852,-0.0052728648470313595,1624111610418625
0.3777605371858476,-0.29794792897818356,0.876652904845806,0.0019216108038777762,1624111610426603
0.37235480616505023,-0.29966430294577656,0.8783807667637096,-0.0006576058147407449,1624111610433586
0.37744541889119,-0.29804869631629727,0.8767543690081291,0.0019253070838447604,1624111610441563
0.37190431242164573,-0.2996410648072415,0.878579732686282,-0.0002607609379119748,1624111610448545
0.37646678696010183,-0.2976330997562594,0.8773109193726972,0.0035842704767747916,1624111610456524
0.3661411387198328,-0.301525481215099,0.8803490795378804,-0.0029238453710519136,1624111610470487
0.37438455260099784,-0.2982245125211488,0.8780021265652057,0.0032577065936533088,1624111610484449
0.3677062058142641,-0.30075691872384674,0.8799638812379238,-0.0009948678830214483,1624111610493425
0.37711602552254997,-0.29784171568729184,0.8769603006379856,0.003800894034284753,1624111610508386
0.3715922484063934,-0.29963431369953475,0.8787133925204079,0.0011192780555640775,1624111610515367
0.36545861775591487,-0.3018486437626602,0.8805232344605072,-0.00249570466708813,1624111610523359
0.3795428166196752,-0.29645548479164796,0.8763587336153122,0.007534315199058182,1624111610547282
0.3689693760638916,-0.30048085542303005,0.8795294205105232,0.0009238547990137374,1624111610561244
0.35360123734028964,-0.307379988590427,0.8833712679031336,-0.011786034480502246,1624111610583185
0.35685523939426056,-0.3054468064843521,0.8827809014022651,-0.007380152083799182,1624111610590167
0.3594458254866008,-0.30372569796860627,0.8823480807308554,-0.0033560936093882466,1624111610596151
0.3620534603053113,-0.300522928688185,0.8823718036045556,0.004823009150927355,1624111610606123
0.3589244396995328,-0.3035541550271217,0.8826231785639449,-0.002108604710506723,1624111610614102
0.36076493246830166,-0.3013137939823927,0.8826356044097403,0.0036126009093665323,1624111610621083
0.35244527863660274,-0.3065829795324665,0.88415529207975,-0.007656481903217451,1624111610636043
0.3616344758391596,-0.30003412255707695,0.8826889896977435,0.007757490078507504,1624111610657985
0.3572988432694135,-0.3028649180977158,0.8835200375949864,0.0016495915121439095,1624111610665964
0.3476717619211568,-0.30767483740687124,0.8856596321976465,-0.008219263034076524,1624111610680924
0.3551478369328459,-0.3034856049928544,0.8841749708762492,0.0010594149449210171,1624111610695884
0.35029982526766174,-0.30612059380140205,0.8851888353018004,-0.004576060004482193,1624111610703894
0.35933214013892706,-0.2993623654176588,0.8838181325899884,0.011317938852479234,1624111610725837
0.35492793884171214,-0.30207041313184757,0.8847320628514844,0.005366628595826315,1624111610733782
0.3509416273286991,-0.30440224761805673,0.8855389263015461,0.00023634226158365112,1624111610740764
0.3425804977699026,-0.3084150883932167,0.887384295866064,-0.00823694417969711,1624111610753729
0.347549245137217,-0.3060676537100297,0.8862965453005627,-0.003247667667071309,1624111610762705
0.34362239645132114,-0.30880589839095346,0.8868305789074554,-0.009700004673958993,1624111610770684
0.34670170691932695,-0.30635238289825534,0.8865281476117846,-0.0037399737704570126,1624111610778663
0.34591520497756884,-0.3087563385830663,0.8859483445109564,-0.010379075508003575,1624111610785644
0.346005686704073,-0.3013899515225253,0.8884425120210951,0.0106801087700045,1624111610808582
0.34555362893466973,-0.3034705181275052,0.887960342695259,0.0049763398218171375,1624111610814566
0.3448350869475257,-0.3065733317897502,0.8871801552041527,-0.0035954495073022732,1624111610823542
0.34033519646186383,-0.3088246813840878,0.888103445136334,-0.008458188591870053,1624111610830524
0.34278802920301865,-0.30709202301007504,0.8877910390034924,-0.004234088306729916,1624111610836507
0.33256706268105857,-0.31270181150126075,0.889569325524985,-0.01682679376904255,1624111610853463
0.33599417493870387,-0.3104637361993583,0.8891521057758262,-0.011345294478729792,1624111610861441
0.3419809304402051,-0.306526648942825,0.8883059325846102,-0.0017397810550944946,1624111610875404
0.33645692046507125,-0.3090277300839137,0.889522608519608,-0.006937697227233465,1624111610883382
0.3314850391932635,-0.308326016283382,0.8916526402161103,-0.0028819558462851915,1624111610890363
0.33966005998198817,-0.3107187317501803,0.887650587413167,-0.01270228552863654,1624111610906322
0.3352259230338442,-0.3097460245900683,0.8897287081542806,-0.007987907289847882,1624111610913303
0.33052992206108883,-0.3084537948837044,0.8919648465780579,-0.0022225015441702687,1624111610921281
0.3319347029676908,-0.31039486128939536,0.8907316288839117,-0.008458626171036834,1624111610928263
0.32716949744099055,-0.309144634193939,0.8929625455427369,-0.0027581426977399282,1624111610936241
0.33210190025686626,-0.3119206947846531,0.8900844806544872,-0.012783790864587384,1624111610949206
0.32750887485349345,-0.3102393074759461,0.8924440300826942,-0.00575865946237882,1624111610958182
0.3309613577765161,-0.3117400547778883,0.8905898884736954,-0.011505149030542443,1624111610966162
0.3266584741412162,-0.3107202540731551,0.8925822794351221,-0.006636220222971448,1624111610973142
0.32659273195022553,-0.3154473010795664,0.8907230397465883,-0.021039347506592476,1624111610988102
0.32509439901732945,-0.3133397326503746,0.8921561235438641,-0.01375844807158805,1624111610996081
0.32339537175002264,-0.3091874307897902,0.8943257604622307,-1.859908023287684e-05,1624111611011042
0.32263745176725955,-0.3118206825566645,0.8936512274791925,-0.00777304779077861,1624111611019020
0.32218597755951234,-0.3140657881966948,0.8929429508453546,-0.014552081775503142,1624111611026002
0.3197792437224896,-0.3121393718620367,0.8945695344136623,-0.007456266945950915,1624111611033980
0.320900964837898,-0.31405142532084385,0.8934217699572089,-0.013849692652930195,1624111611040961
0.32082377198003903,-0.3117842199560472,0.8943261469340291,-0.006591693942578608,1624111611048939
0.31974445714645994,-0.3140969912795063,0.8938268905095978,-0.01341834547255015,1624111611055921
0.3200316706920414,-0.3118127258473294,0.8946025646227814,-0.006229375896613435,1624111611063900
0.3160363989916354,-0.31653837231357673,0.8941695897598109,-0.019626464639430363,1624111611077864
0.3169629078181799,-0.31425144555506324,0.8947746493622426,-0.01260439973472969,1624111611085842
0.32184667079754486,-0.31388221280442463,0.8931487295337085,-0.013342560243712519,1624111611092823
0.3072289990585289,-0.31576391096042034,0.8976177231589255,-0.013635165692455322,1624111611108780
0.3121984842705366,-0.3152672996970619,0.8960706195048088,-0.014002893314270737,1624111611115762
0.316472644046705,-0.3162246383463956,0.8941415835167849,-0.018917513020355534,1624111611123741
0.27916926208048193,-0.3151453440314788,0.907053755859066,-0.0011913130075934346,1624111611169617
0.2883941704520348,-0.3158176993274886,0.9039037843589637,-0.006777304945106398,1624111611183583
0.2936635707378568,-0.31616025591942204,0.9020562894294925,-0.009942358832445571,1624111611191558
0.297723798806743,-0.3168662706256264,0.900422530846317,-0.013984709800449,1624111611198542
0.30471920825964954,-0.31882308490801703,0.8971825514076326,-0.023696288676466563,1624111611212502
0.30037288181667443,-0.31798077541700176,0.8990573504404736,-0.018979961888892772,1624111611219483
0.3033922421438611,-0.3187942286913059,0.8976576439144474,-0.02311150107628958,1624111611225468
0.296845714627629,-0.31774941967709996,0.9003539746618309,-0.0167525613779416,1624111611235441
0.301126478441863,-0.31872174166716327,0.8984747557920927,-0.021963801451290094,1624111611243420
0.28268289692304566,-0.3150138798093378,0.9060096919558136,-0.0017531106052941006,1624111611273340
0.2861668445332391,-0.316046695676504,0.9045322447115229,-0.006666447253654185,1624111611280321
0.2938878721884447,-0.3206193605876202,0.9000864730920384,-0.02602854497795203,1624111611303259
0.29276981912833366,-0.31892964786021993,0.9012150783178866,-0.019521663243806997,1624111611310241
0.29296627604135866,-0.32107071347073174,0.9001920394671452,-0.027178118658866286,1624111611318220
0.2916707811646839,-0.319433459732093,0.9013669232013702,-0.02069033534923603,1624111611325201
0.29232932997972527,-0.32365432052459925,0.8991649597719926,-0.03596969220879741,1624111611341161
0.29169839196852687,-0.3219459476701075,0.9002210262189505,-0.02941018284661791,1624111611348139
0.2912657213967832,-0.3199398463729725,0.9012897406149938,-0.021899262640726995,1624111611356118
0.29299252892285355,-0.3217706523543464,0.899873377429402,-0.029102059594645218,1624111611364097
0.28319191176992226,-0.3159364824187763,0.9055237958724882,-0.0036242645636117825,1624111611393020
0.285299671034185,-0.31773581604729406,0.9041760790776524,-0.010661469519193376,1624111611400999
0.2872983983369578,-0.31924066522894845,0.9029203625465703,-0.016728624449344674,1624111611407979
0.2875119112119204,-0.3232777703307146,0.9010286427025749,-0.03123730383413595,1624111611422940
0.28731585547543237,-0.32180130940518337,0.9017952137229285,-0.025669222114199388,1624111611428923
0.29099525330739334,-0.3173293695318417,0.9024992292537437,-0.010907565332752918,1624111611445878
0.28311940625825344,-0.3241261894339617,0.9021033613336525,-0.031545849069555494,1624111611467820
0.2853894647371109,-0.3220829120277532,0.9023275956363734,-0.024907054219018353,1624111611475798
0.2583776300408004,-0.3283549429315095,0.9078378435986807,-0.03541866001194159,1624111611505718
0.2686309927918519,-0.32606853796262303,0.9058466225069571,-0.03096118142641958,1624111611520677
0.2844678622430453,-0.3225696888344731,0.902455190545249,-0.02452468662473113,1624111611543668
0.2780402574200257,-0.3241564831233286,0.9038093888834766,-0.027290626027956635,1624111611550650
0.2521715587181187,-0.3315604463803517,0.9080873115935052,-0.0430651819062318,1624111611580571
0.25640878409775736,-0.3302958386052706,0.9075083155433815,-0.0398478563685065,1624111611587552
0.26001947246763846,-0.3292045073489765,0.9069957607842503,-0.0370534235687848,1624111611593535
0.2657205573811034,-0.32726314582954696,0.9062473939381663,-0.03173451980267458,1624111611603509
0.2747349632724291,-0.32444855320779503,0.9047953877318219,-0.02447738989941386,1624111611618468
0.2688017926959655,-0.3262725082192083,0.9058039327921943,-0.028479500732559834,1624111611625450
0.2619648461704917,-0.32830296166440187,0.9069225391505081,-0.03291037395788743,1624111611633428
0.24265006826842683,-0.3287977380835623,0.912365897100762,-0.02452471422836084,1624111611655370
0.24801339692626084,-0.32905697730524147,0.9107347815164696,-0.027803207872168972,1624111611663348
0.25328874074877705,-0.3293567684513733,0.909058335898838,-0.03133488180929776,1624111611671326
0.2549306625776615,-0.3307023184260541,0.907870204406941,-0.03765668354285057,1624111611678309
0.24633690438392897,-0.3291810167492633,0.9111906560344772,-0.026259781147666972,1624111611693269
0.24957202269900444,-0.33034923825669193,0.9096802976100997,-0.03263345536640839,1624111611701247
0.2515091670040756,-0.33158971352691363,0.9084518978953068,-0.03881430157133311,1624111611708229
0.23980120614808553,-0.32886110539659097,0.9131982887884754,-0.020362716936980517,1624111611731168
0.24876880433598553,-0.3322964990521259,0.9089335936394358,-0.03915151415520998,1624111611754106
0.24686986899839014,-0.3278370641834333,0.9117224694303901,-0.01844629675724831,1624111611776047
0.24544562051091076,-0.33147467609052683,0.9103730682166473,-0.03319432404044374,1624111611791007
0.24445838815877438,-0.3331508095997256,0.9097501403340625,-0.040066403432488185,1624111611797988
0.24504530832365634,-0.33140950364361144,0.9105257982184476,-0.03260841213426504,1624111611805966
0.22089503339037023,-0.34965773875624906,0.9044489792086936,-0.10448394115693636,1624111611880767
0.22576798284940988,-0.3449198280102523,0.9071843204985107,-0.08411741084425928,1624111611903706
0.2275720912227787,-0.3432665049693097,0.9079819640811848,-0.07712199923446218,1624111611911685
0.22890305230872365,-0.3406978095971401,0.9095688251363891,-0.06490722239835474,1624111611925646
0.22884038623939268,-0.3393158994552422,0.9105864360655126,-0.05769870411190971,1624111611933626
0.2285218905934275,-0.3381376394877369,0.9114856468626931,-0.05132833374039118,1624111611940607
0.22557509986572308,-0.3371634961070897,0.9129531804760734,-0.04419436018357656,1624111611948585
0.2136061254791662,-0.3369510487189027,0.9163034626383012,-0.034991117188074856,1624111611963545
0.2289893045323155,-0.33955975988836173,0.9106320114871033,-0.05488540360894596,1624111611993497
0.22418674746262904,-0.33927473586468787,0.9122187072234678,-0.04989976009580461,1624111612000475
0.21682413912409562,-0.339781026134819,0.9139419513278091,-0.047394689311999964,1624111612008425
0.2092243133542269,-0.3405081538219317,0.9155026371711475,-0.04619854126383379,1624111612016404
0.2025336593283198,-0.3412529369547053,0.9167435801211874,-0.045910327437907204,1624111612023385
0.2081831663160162,-0.34133761433016047,0.9152195704327896,-0.050214940036333824,1624111612031364
0.20218945903269628,-0.34157654169102214,0.9166063793531097,-0.04772456549461913,1624111612038345
0.19500515972818616,-0.3427662899856336,0.9175923326134877,-0.050085619271482425,1624111612046325
0.20107606732720268,-0.3416423668821207,0.9168038236661877,-0.048162819793555085,1624111612053305
0.20263921237742272,-0.34267834392305113,0.9156378788554119,-0.05582272851065931,1624111612061315
0.20166677446390507,-0.3400647758748971,0.9175847212597594,-0.041529984314109133,1624111612076275
0.2039245958859193,-0.342103205887563,0.915557922404084,-0.05598076845965451,1624111612091204
0.20561614791048424,-0.3405826469558459,0.9161263906528565,-0.04937506111766623,1624111612098187
0.24099465385568591,-0.3511960779641169,0.8902247319214219,-0.16150175946729703,1624111612217866
0.2393053334376517,-0.3502876137352651,0.8923062989813414,-0.15434057745832436,1624111612225844
0.23787992061401322,-0.3494604994399683,0.8940759529775196,-0.1480496302162848,1624111612232825
0.23789023080771346,-0.34818001325711356,0.8958191305970974,-0.14031037634754506,1624111612240804
0.23791079742827273,-0.34434032288034644,0.9004944314386039,-0.11805919470235149,1624111612263744
0.23759603306776803,-0.34193190406635865,0.9031649081661787,-0.10451720771811968,1624111612277705
0.23736427963229575,-0.34051212677766685,0.9046279154598131,-0.09673688460367452,1624111612285717
0.2370853301896564,-0.3390825392773811,0.9060288587701978,-0.08902406888947646,1624111612293662
0.23680576850857868,-0.3378074796398028,0.9072182098624072,-0.08224508735793816,1624111612300644
0.23646233132006772,-0.3363283642327473,0.908525413028268,-0.07450081315675658,1624111612308623
0.23605789146079023,-0.33503086935268606,0.909638657451219,-0.06773847747191616,1624111612315605
0.23544152498592144,-0.33355061544467873,0.9108826594296627,-0.06003379047773614,1624111612323583
0.23361499262438537,-0.3308307725830921,0.913172682965973,-0.04572402232862978,1624111612338543
0.23177166832497223,-0.33240170596462054,0.9127297244283258,-0.05210997772654641,1624111612345524
0.2467776876207225,-0.3196865014313035,0.9148209303354847,-0.001994771992092829,1624111612398414
0.24507088406906177,-0.3213578453765855,0.9146580291373578,-0.008371781834898609,1624111612405364
0.24327596997956094,-0.3232673969223655,0.9143677754075404,-0.015702350582221854,1624111612413343
0.23877759945370228,-0.3284190291566679,0.9131491835763448,-0.035843658027242736,1624111612435284
0.23647649779072472,-0.3302909968805656,0.91276638668014,-0.04294469372526616,1624111612443263
0.2337962266943319,-0.33192875562906626,0.9125663115039805,-0.04884007246158106,1624111612450244
0.2366379757157856,-0.3300339281576338,0.9128916413616496,-0.041339156329205214,1624111612458222
0.23174259302171013,-0.3351737419431108,0.9110873557096734,-0.062239565851492484,1624111612481161
0.23330801528805523,-0.3338117371305435,0.9115657822616219,-0.056435084530768016,1624111612487145
0.23611809508467171,-0.33169447626032666,0.9121057777810598,-0.0478546730255436,1624111612496122
0.24191086704077092,-0.32802473109537517,0.912537739415141,-0.033967371704229726,1624111612511081
0.23936097468714634,-0.3298850880138155,0.912254614109116,-0.04091053091276282,1624111612519060
0.2376306643047704,-0.33147700465386165,0.911826509460652,-0.04719194224209,1624111612526042
0.25097707443102246,-0.3257230752048988,0.9110981676644606,-0.028550223599321613,1624111612548979
0.24752300528447593,-0.3273599206554501,0.9112751677813804,-0.03384394758912766,1624111612555961
0.24433870252780523,-0.32899747012088987,0.9113233633745367,-0.0393572162227634,1624111612562943
0.24410982289942681,-0.3337853715621777,0.9084423658464084,-0.06107526529201337,1624111612585881
0.24476606950889757,-0.3320011291800422,0.9094130628709719,-0.05322313895271589,1624111612593860
0.24631411338156192,-0.32853543772246135,0.9109939360597414,-0.03852106140730387,1624111612608820
0.24710105873344176,-0.32969477780168177,0.9101062486697207,-0.044147892310283765,1624111612614803
0.24786647097866293,-0.325794611864557,0.9119558797018813,-0.027505579829810077,1624111612631790
0.24814156586504973,-0.32877347965599935,0.9103147506480486,-0.04075312402145918,1624111612645721
0.24665231788978462,-0.33062780598507335,0.9096860061948593,-0.04815867650111943,1624111612653699
0.2532335738960734,-0.3250929889397569,0.9107284124541613,-0.02758739463523764,1624111612675641
0.24509425430488568,-0.3323456973735149,0.9091060166038052,-0.054784984428270365,1624111612705561
0.24734751438151156,-0.330400177296901,0.9096250043435166,-0.04729990956145488,1624111612713540
0.2497010053522894,-0.32683663321461076,0.9109059397055651,-0.03282669834319837,1624111612728526
0.24774590822921333,-0.3285386713581443,0.9105762819428267,-0.039180877237310195,1624111612735481
0.2301197508642871,-0.3354947664726859,0.9114786749001497,-0.060784760704173435,1624111612765401
0.23490917399704267,-0.3336236590709843,0.9113169810489896,-0.054902587660967395,1624111612773380
0.23984130806042175,-0.33173946826282114,0.9110484193995357,-0.04915129351475991,1624111612781375
0.24468476096062858,-0.33015960855832377,0.9105571153519494,-0.04483012728279049,1624111612788340
0.25520796660948886,-0.32673687681726127,0.9093061829954646,-0.035695555367166426,1624111612803300
0.24960528934921788,-0.3285485304209919,0.9100104445803373,-0.04042342689328362,1624111612811278
