0.44752070384671494,-0.22952025715096847,0.8642633541661053,0.009722439583101268,1624111447082739
0.45375296706135765,-0.21594650235526688,0.8642004083674045,0.025159633963008392,1624111447104682
0.45159638328305457,-0.21763607613977606,0.8650657368080353,0.018881630462348614,1624111447111663
0.4497727424500252,-0.21942226567416112,0.8656810741679942,0.012434922707794194,1624111447118643
0.45014405722268014,-0.22123822836594115,0.8650964490595656,0.005666381661557857,1624111447125625
0.4528610228166432,-0.21731361349159495,0.8646330239790021,0.010070811765489768,1624111447132606
0.44452426626723057,-0.21877549067425012,0.8686317329293266,0.00379129635037802,1624111447145571
0.4487377561274475,-0.21591069859962106,0.8671695375990874,0.005830052839543188,1624111447152554
0.44843270718230455,-0.21242554174307549,0.8681421369555972,0.010617268315321967,1624111447158538
0.4464163972175588,-0.21653473568437692,0.8682259922040103,-0.0029555031303881135,1624111447172500
0.44734743355104983,-0.20774658863605827,0.8698520861938007,0.008886886387375328,1624111447187461
0.4459822744999039,-0.2101247097680662,0.8700264876455148,0.001152376668958968,1624111447195439
0.44691760042399287,-0.18852496750287182,0.8739510386920188,0.030538124180153933,1624111447232339
0.4462535558263089,-0.1909646728876533,0.8740001384830276,0.022671911100206842,1624111447240317
0.4449249660176112,-0.1954821867569379,0.8739369383268223,0.007919413039699027,1624111447255278
0.44365535447765725,-0.19749065859927753,0.8741659015991563,0.0011587452965354315,1624111447262260
0.4540130218576197,-0.18541840804715357,0.8713762028564581,0.013989390137968625,1624111447285197
0.4473987931438362,-0.18900909967811033,0.8741316648079613,0.0019268399961637843,1624111447300158
0.4441417748418525,-0.19099415227908206,0.8753493166813702,-0.004784497986426815,1624111447308149
0.43396427866219095,-0.19014234771607186,0.8806115158514721,-0.006652112446222631,1624111447322099
0.4393273271147796,-0.18819382850592373,0.8783628480476282,-0.00729998165241418,1624111447330079
0.4466605813539229,-0.18901213688367208,0.8743406253423627,-0.017239723059546973,1624111447345039
0.43853898839815864,-0.1830637703877355,0.8798226342457297,-0.009129287762535347,1624111447359999
0.44154480631313797,-0.18333119868712192,0.8782153101713496,-0.012873406172289053,1624111447365982
0.4459933173673026,-0.18382869233014798,0.8757592318912912,-0.0185132519313024,1624111447374957
0.44144711640018913,-0.1809382783019716,0.8787365863064069,-0.014415087708338657,1624111447382936
0.44393304308579795,-0.1820525820254623,0.8771441018309902,-0.019963347854280226,1624111447389918
0.4403192559419963,-0.17858745473724955,0.8797768892356687,-0.014768176054199686,1624111447397896
0.4449331928415028,-0.17671824678334416,0.8778351390192397,-0.014511508011208978,1624111447404877
0.4390318392578093,-0.17606013777253016,0.880931478371279,-0.014615143516762241,1624111447412857
0.44870557457872023,-0.17122293341492784,0.8770390495672541,-0.012186876094200518,1624111447427816
0.4429400348946964,-0.17161704522631482,0.8798534068460842,-0.014480943913061468,1624111447435795
0.42717992627495527,-0.17292146609950168,0.8872229762868009,-0.02123364072675821,1624111447457739
0.4361662045702335,-0.1683419429622174,0.8837836080869682,-0.018616291448158365,1624111447471699
0.44085814555875336,-0.16512532263709895,0.8821162981563782,-0.01576578083631791,1624111447479708
0.43523739243263315,-0.16588320276370105,0.8846998310453827,-0.018904608368599835,1624111447487657
0.4444093577397946,-0.16026260132311795,0.8812498433727209,-0.014660659125885584,1624111447502616
0.4289053487977901,-0.16188557312387028,0.8884353315995812,-0.02271397262797369,1624111447524558
0.43389318365175633,-0.15890250388770916,0.8866015129092061,-0.020602348066822578,1624111447532536
0.43928990230759174,-0.14572382499387684,0.8864414354340059,-0.003245012394351961,1624111447555475
0.43678268972012513,-0.1478085131666317,0.8872773085161989,-0.010606752027470101,1624111447563454
0.4323314772018684,-0.15133757753457908,0.8886135444016974,-0.023503194511985345,1624111447577431
0.43702879773073217,-0.14757350630051205,0.8870193349319255,-0.020605573254048774,1624111447585395
0.43348690775623344,-0.14880048003465027,0.8884089449567817,-0.026020462451205068,1624111447592376
0.43887794309802775,-0.1470791877965596,0.8859853027570155,-0.027998337052552103,1624111447600355
0.4339590286994193,-0.14697630611690357,0.8883400693224253,-0.03048685104623933,1624111447607337
0.44180340158333764,-0.14632805501694257,0.8842392288713712,-0.03897230798032713,1624111447621299
0.43608344801403187,-0.143374915998655,0.8876646075932246,-0.03641983329092167,1624111447630302
0.43112372198434534,-0.1430548483023214,0.8900464800121294,-0.03853453175507401,1624111447637288
0.4366974970175354,-0.14038009357145312,0.8877354497956613,-0.03891653380742591,1624111447645236
0.41058537793108507,-0.13627417085066107,0.9004614656912512,-0.04492378649798443,1624111447682136
0.4162476883531497,-0.13370369044174985,0.8982125303213933,-0.04555694762114932,1624111447690116
0.42119082330020613,-0.13138348547937986,0.8962276536427216,-0.04596371348189561,1624111447697097
0.4357012322847338,-0.1196918734292401,0.8912729351741776,-0.03835161856518464,1624111447720035
0.4310203498144624,-0.11980416607217527,0.893379910445799,-0.04172236150345908,1624111447727016
0.3893167304443419,-0.11527778552948072,0.9119848501162362,-0.05854185441214444,1624111447786856
0.3935700437596713,-0.1129588470273779,0.9104632249310461,-0.05830639400113282,1624111447792840
0.42817711642257666,-0.09396270427419355,0.8968664935382274,-0.05887155464205353,1624111447840712
0.4469869745078585,-0.08797520070641754,0.8874237558864162,-0.07029997275549145,1624111447869635
0.3784134114166807,-0.07447096871120991,0.9194719982890264,-0.07634532887864535,1624111447967373
0.38392076558867877,-0.07229520602246682,0.9172684127522732,-0.07743970495099588,1624111447975352
0.399323616810494,-0.06690065932281869,0.9109004512652545,-0.0795318723802819,1624111447997293
0.4850853110333101,-0.03341321482103277,0.8709998716483377,-0.07024970949135247,1624111448117972
0.47998572233372216,-0.03379294908377513,0.8736931848112905,-0.07163771187231294,1624111448124953
0.4298249902508142,-0.049015581215715656,0.8970096507294294,-0.09067324330937077,1624111448200749
0.4222605958834507,-0.048397787626166845,0.9013481705135409,-0.08321729885629932,1624111448214712
0.43681603674539154,-0.05393589832270192,0.8932999003779607,-0.09109312212729039,1624111448237650
0.4336192554189865,-0.05392972961229449,0.8953394135249889,-0.08621635681561574,1624111448244632
0.42013717534466244,-0.057398142786614634,0.9025506776273264,-0.07478289518673235,1624111448267601
0.43424930366548187,-0.06578141667965813,0.8947625472150743,-0.080624633871126,1624111448289512
0.4292904146594227,-0.06402400399478735,0.8989636556349915,-0.05894923783552244,1624111448312451
0.4357978057339394,-0.0725561200277704,0.894586716850863,-0.06730889984239424,1624111448327411
0.4265935189924372,-0.07095690177820012,0.9007442738674306,-0.04053197180896683,1624111448357330
0.42885019900412225,-0.07602254781835742,0.898999565692229,-0.0459114356398668,1624111448365309
0.43268215545377847,-0.08564678301279303,0.8957089679841344,-0.0561802953376799,1624111448380269
0.4384218155103168,-0.08628832662674674,0.8930405752712334,-0.0530958312094109,1624111448388248
0.4290186552320048,-0.09227564900241886,0.896959683638151,-0.053772892723493435,1624111448402211
0.44078757847221706,-0.09402151930961848,0.8913372973779977,-0.048827112081269594,1624111448418168
0.42169537698664594,-0.10679843599551618,0.898948808853489,-0.05155717368024886,1624111448447091
0.4276358200488421,-0.10792539269031622,0.8961141934202744,-0.04958898440708756,1624111448455069
0.4328384325875161,-0.10909465144151224,0.8935504370542274,-0.04813382118881038,1624111448462051
0.4387889011187552,-0.11081352271380099,0.8904820835369925,-0.04718392033701574,1624111448470029
0.42909622740612596,-0.1179714588040954,0.8941887417354455,-0.04884318465297403,1624111448484989
0.43501043905252473,-0.11893424728060736,0.8913395170803593,-0.04619987045519609,1624111448492968
0.43259628203046857,-0.12993933985920011,0.8903317526569041,-0.057320109396754984,1624111448507942
0.4331645127902022,-0.12772528327222415,0.8915448914950347,-0.03467655290486287,1624111448529870
0.43366540262381903,-0.13889499322131207,0.8891165367306144,-0.04598133901193693,1624111448544829
0.4353506405761846,-0.13832773339294593,0.8886738737719692,-0.03992497964179689,1624111448550844
0.44019357770200757,-0.13788271839085445,0.8867012350348993,-0.031287216345326926,1624111448560786
0.4380447413550308,-0.1432461607137146,0.8867442628305041,-0.035804390082371455,1624111448567768
0.4416512263218087,-0.14285864505110232,0.8852766304028109,-0.0286511690032124,1624111448575747
0.4388004553395548,-0.14808196344356916,0.8857035602147835,-0.032482240060595975,1624111448582728
0.4422839504165963,-0.14791881857113998,0.8841981855857444,-0.026429130202971905,1624111448589709
0.4380336617083593,-0.15337617751376736,0.8852916834895534,-0.02934100417273847,1624111448597688
0.4417839405320088,-0.1533476752217888,0.8836050104142916,-0.023529257592259233,1624111448604669
0.435936598972794,-0.1544890028772157,0.8865549229287147,-0.01062065425938635,1624111448619661
0.4399269232815418,-0.15956763177514097,0.8836222762466404,-0.014633727563934528,1624111448627635
0.45037519919764946,-0.16336621902150483,0.877684780179732,-0.011961817217752954,1624111448641579
0.444609098063149,-0.1661969909488961,0.880127014851154,-0.008817474026180171,1624111448650547
0.44006815123891446,-0.16838286633691193,0.8820125635455314,-0.006408614294023039,1624111448657565
0.444768995614633,-0.17145019815908222,0.8790470250317718,-0.007854799421608761,1624111448664510
0.4409522206810502,-0.1767775865659778,0.8798746319761099,-0.011465424949103882,1624111448672488
0.4448648257497435,-0.1765506426515411,0.8780019872673136,-0.006137405365962289,1624111448679470
0.4465483143211559,-0.17548705355282362,0.8773795095714825,0.0020231649432242114,1624111448687448
0.44172311059792396,-0.19219705341879686,0.8762141317715602,-0.013776120812379718,1624111448710418
0.4460236437997545,-0.18890419458272267,0.8748174907820863,0.008513064217841143,1624111448732362
0.4310837422131735,-0.19728525512723039,0.8804311616887274,0.009290039628971545,1624111448755267
0.4420533261525486,-0.1988538235825598,0.8745723224402954,0.013010246171867546,1624111448770226
0.44747276029955985,-0.20702472194062022,0.8700007234182269,0.002763068414534321,1624111448785187
0.4447891850027537,-0.21110643305073112,0.8703989669264877,-0.001514332356680693,1624111448792198
0.4486003642984861,-0.20993358903532994,0.8687197516046131,0.0034050723971876125,1624111448799149
0.45301657256003497,-0.2066856078224153,0.8670814122166842,0.015062174257318022,1624111448812114
0.449771038899574,-0.21253079768259087,0.867447725894237,0.00843299736252285,1624111448822087
0.4425072559319639,-0.2202074236854443,0.8693071489063903,0.001048742878710517,1624111448837047
0.45127943662959563,-0.21728574945132603,0.8654396887544344,0.012162166306956861,1624111448853006
0.4437989965499483,-0.2247706375865454,0.8674644648023513,0.005100337769910093,1624111448867965
0.4494773946835143,-0.22370942750319092,0.8647687988525735,0.009954307901220854,1624111448876941
0.4506085488532833,-0.22715477880990592,0.8633213543843767,0.0053741257973865825,1624111448882925
0.45306088365677943,-0.2251208080801368,0.8624940600196516,0.012667039918703528,1624111448890903
0.45449290776408724,-0.24281995940962386,0.8569574000643749,-0.009933709244813689,1624111448919826
0.4543005066603595,-0.24083795462136892,0.8576737745322448,-0.0019559502928739978,1624111448927806
0.4545675884443381,-0.23905997569069226,0.8580171619013466,0.005018509880704695,1624111448934787
0.4550094634656133,-0.2370503118873554,0.8582568007762382,0.01299237130699204,1624111448942765
0.4554057587574437,-0.23331521628729443,0.8587115945351943,0.028000038396292563,1624111448957726
0.45543417265740266,-0.23782813133165276,0.8576168047262518,0.02260333104423722,1624111448964707
0.4555540511130873,-0.24300754248655596,0.8562401389642008,0.016451906748627218,1624111448972685
0.4652565344456288,-0.24796776637276605,0.8496417087371392,0.012542359027683168,1624111448987645
0.46048028736699337,-0.24870125262305473,0.8519525087164637,0.01680817604199211,1624111448995624
0.4565210505849663,-0.2490687140058602,0.853879511846525,0.021049592038943406,1624111449002605
0.45292359494771306,-0.24868675589528025,0.8557277818944966,0.027296114665756297,1624111449010584
0.46096518036498946,-0.2558164235076212,0.8495139280168428,0.019878281118763084,1624111449025543
0.4573235047722413,-0.2558988743002741,0.8513289483860789,0.024698173101245367,1624111449032525
0.4334338371783364,-0.26168139792568357,0.8613930021410322,0.04074371891449137,1624111449070424
0.44246729335273277,-0.2669880025304766,0.8553246924983156,0.03687507587185461,1624111449084386
0.4514300404402164,-0.2705965257442185,0.8495049866498966,0.03646527800884248,1624111449097352
0.4559796072749079,-0.2710528830211054,0.8468033739814839,0.03920431314208907,1624111449104333
0.45330817623868014,-0.2705307106386734,0.8480941742693006,0.04539937804606441,1624111449111314
0.45672872239159756,-0.27334398124306825,0.8454820068005393,0.042919904907409344,1624111449117328
0.4489081875233556,-0.27161876705115245,0.8491538578600073,0.060352383893050913,1624111449137244
0.4518573971054438,-0.2764264546735124,0.8463893116015236,0.055122055879881345,1624111449145236
0.45400259578847096,-0.28068124189855537,0.8441386535469146,0.0502952985041016,1624111449152205
0.4588942439673765,-0.29033124697713725,0.8387985128551432,0.03925423180130516,1624111449168163
0.45686793531169306,-0.2892944573896344,0.8399273987878831,0.04585162345095579,1624111449175144
0.458585892600621,-0.29435328144750983,0.8375282346455496,0.040019757374126115,1624111449183123
0.44934212153080494,-0.2925109725358432,0.8420753100797533,0.05863583305810665,1624111449205063
0.45513388406604127,-0.30104070083518064,0.8365539953632845,0.04904137903187663,1624111449220024
0.4486808503020564,-0.31599415054629826,0.8352781168991512,0.033818025107254714,1624111449242963
0.45590370869826696,-0.3080984737345438,0.8321169772933292,0.06934316821304966,1624111449279863
0.454589986931362,-0.31341474032521965,0.831311329384366,0.0635658553455983,1624111449287842
0.4569843807343892,-0.32298573302572914,0.8271028088155494,0.052406446894137315,1624111449302803
0.45195990086050536,-0.31694483215661606,0.8297654982347283,0.08226444750103076,1624111449332723
0.4543222648359721,-0.3310807495445699,0.8244253489883656,0.06557179958435222,1624111449354663
0.441145729786683,-0.32426635117332614,0.8307354775463239,0.10059992511723537,1624111449392562
0.4500924382543957,-0.3414800379424447,0.8212529463412724,0.07969804789841797,1624111449422482
0.4609702065645891,-0.387445790384152,0.7980347224526945,0.023082676041801448,1624111449498316
0.457906435929444,-0.38487604333795983,0.800520867159624,0.03685740686638618,1624111449512242
0.4484575340035093,-0.3750347458513084,0.8072420149971501,0.08121027535402613,1624111449557122
0.44731241807749383,-0.368988762011881,0.8080700605342995,0.10383482754210276,1624111449580061
0.40954735894623656,-0.4779071435216416,0.7761396767129677,-0.03850876761254816,1624111449782519
0.41798966838372176,-0.4649449046872738,0.7802265782826162,0.018903948561315553,1624111449843357
0.4188306416031714,-0.46370501332666975,0.7803579153528366,0.02449649395656068,1624111449849341
0.42993291925806754,-0.45068086826547193,0.7762233133523534,0.09757975059411914,1624111449924141
0.43213919071434453,-0.4489665779612576,0.7747901531460375,0.10670028261653769,1624111449934115
0.43664811886177296,-0.4395398455236609,0.7679203419872267,0.16260840339211347,1624111449990962
0.43582072429389496,-0.4458786062947294,0.7660516754552728,0.156260664457771,1624111449999938
0.4318694829319033,-0.4722791854873745,0.7573851570557735,0.12964892802917505,1624111450037837
0.43183807536302243,-0.47120828185813285,0.756859253530467,0.13653828078737193,1624111450044819
0.4437804391389067,-0.47158000015167234,0.7471187144229878,0.14994949767695043,1624111450067757
0.4391690488475471,-0.47528339242493167,0.7477141936199169,0.14886143919332073,1624111450074738
0.4331128663259672,-0.47778706200504534,0.749177557363139,0.1512142716376082,1624111450082717
0.4270764464613083,-0.47980079414446064,0.7506914110013925,0.15446459874374063,1624111450090695
0.4217415031524174,-0.4816210073995906,0.7519823828875559,0.157155354910027,1624111450097676
0.43611423247250103,-0.4896473099471757,0.7391025283791712,0.15419902930930565,1624111450119618
0.4307203789902354,-0.49146956557995747,0.7404508790388944,0.15706723707280473,1624111450126600
0.43092616507978665,-0.5023748604960417,0.7351389078515077,0.14660465870532025,1624111450141559
0.4303554816200678,-0.5015129030417148,0.7343875057920428,0.15477066536903314,1624111450149538
0.430221225421055,-0.5006855416463917,0.7332920660938411,0.162807958611644,1624111450157517
0.4273515904062976,-0.5001524292066483,0.7335053336418695,0.17084522602293117,1624111450165495
0.4269680574266549,-0.5164368242094922,0.7258013377333922,0.15557539227699627,1624111450187436
0.42435848297001005,-0.5150209898449052,0.7248869502736807,0.17091567298960075,1624111450202397
0.41737107698806286,-0.5144905157062729,0.725832446947849,0.1851165910981944,1624111450217357
0.421751613694871,-0.5247138665483482,0.7183928913302139,0.17525007356309427,1624111450232317
0.41868460485419046,-0.5241804433785314,0.7186328790475359,0.18304329976654804,1624111450240295
0.4127964372100675,-0.5204961724508516,0.7164717391540235,0.21295793688965223,1624111450270215
0.4153680742086521,-0.5417597910042125,0.7052093176036858,0.19143017041263796,1624111450300135
0.4109017910447502,-0.5399008456555505,0.7051434448390215,0.20600853666097368,1624111450315095
0.41237472022678195,-0.5445451537388611,0.7021529043412278,0.20099493670881827,1624111450322077
0.41694728735585884,-0.5531462565255291,0.6953216898325407,0.1916035649637148,1624111450336039
0.41755272145163885,-0.5517940467874508,0.6937454562993052,0.19972555320320787,1624111450345039
0.41575501632982437,-0.5619896473486838,0.689607811941266,0.1890938084101887,1624111450359974
0.4155280019294072,-0.5609045660166945,0.6887824287275839,0.1957072132301437,1624111450366957
0.40945079147988345,-0.5642329753972468,0.6897564677617599,0.19551780996033888,1624111450374935
0.41804146439262374,-0.5651838805867023,0.6822363798643474,0.20090305414059004,1624111450389895
0.41207350517714586,-0.5686528351834943,0.6831377533538855,0.2003801120655446,1624111450397874
0.4059480296920522,-0.5718870113420419,0.6841347112509619,0.20027765803746278,1624111450405852
0.4104946204974107,-0.5734409045002775,0.6800877817936598,0.2003504545629223,1624111450412834
0.40402930027565875,-0.5760283269823172,0.6813958341326485,0.20162194389348187,1624111450420813
0.4085253290404823,-0.5774258820653897,0.6774043216994406,0.20201433413570669,1624111450427795
0.3908778641737024,-0.5797199559053015,0.681699362024786,0.21546518939067494,1624111450450760
0.3995208475933253,-0.5850562593836425,0.673352043610305,0.21139841782794166,1624111450464695
0.40469298261209385,-0.5873254716943682,0.6685679902487616,0.21045004760808997,1624111450472674
0.3776240537259935,-0.5886757148622637,0.6753001551893288,0.2341595122565367,1624111450509608
0.38243584930299857,-0.5920661857610031,0.6707232238118308,0.2309346441869997,1624111450517586
0.3871434338568135,-0.5954618748850892,0.666167675208408,0.22752086868530186,1624111450525532
0.39179408328275467,-0.5997344977757194,0.6612738576152793,0.222559685740564,1624111450534509
0.4021286258706539,-0.6097643546197481,0.6497936227037597,0.21035267524817874,1624111450555453
0.3944251256880679,-0.6087960111582369,0.6519917192303295,0.22068764142754116,1624111450568418
0.39825541644125007,-0.6107378476503098,0.6485138934865712,0.2186815828494974,1624111450574402
0.37316827207647524,-0.6138677494595655,0.6554089200815766,0.23313295426946248,1624111450606317
0.3778182980597437,-0.6159636878064142,0.6514412426199514,0.23122797488395433,1624111450613297
0.38177259397258956,-0.6177948837406698,0.6480229228161613,0.2294459841010344,1624111450619282
0.3888404749474021,-0.6213881673664611,0.6417648712372093,0.22542777234741443,1624111450630253
0.39866563965550095,-0.6257796854272606,0.6330995296589814,0.2205685349504898,1624111450645213
0.3871330762420766,-0.6266714156250612,0.6366209501616839,0.2283083089444253,1624111450660172
0.3911334842106055,-0.6271340995255813,0.6334941385359464,0.22891613132784988,1624111450666157
0.38484126705096305,-0.6305625432221739,0.6345440690997938,0.2272485481363289,1624111450675133
0.3891449624199997,-0.6304954345256906,0.6312688890926843,0.22921887995775106,1624111450682114
0.38392767850620074,-0.6338181555994272,0.6319183929414124,0.22705335930508122,1624111450690092
0.38799957826918463,-0.6334903239486386,0.6288357224422344,0.22959087722933796,1624111450697075
0.3827734883348121,-0.6367905160361228,0.6294851710489204,0.22744387163421062,1624111450705052
0.38693625553854544,-0.6365246511491744,0.6263460087608795,0.22979856383047195,1624111450712034
0.3858132428984889,-0.6409663587241013,0.624532481253379,0.22420849325486264,1624111450720013
0.3876347466239213,-0.6392600788219651,0.62284027990575,0.23055550429618948,1624111450727992
0.38811496706341736,-0.6431185202382702,0.6204559543959531,0.22538799862128206,1624111450734973
0.3882191312317311,-0.6412183621971357,0.6196761257310228,0.2326508485389481,1624111450742951
0.3863888056727824,-0.6496412995142077,0.6158840980344442,0.22216356723043387,1624111450757911
0.38508554711912607,-0.6442221203291782,0.6142511075671645,0.2436853666740228,1624111450780850
0.38239854981434007,-0.6566347863707181,0.6086123484595989,0.22845812686412048,1624111450802791
0.3816165858250607,-0.6548509621771821,0.6081513493880162,0.23598926881614343,1624111450810770
0.3793519820440773,-0.6534675910768236,0.6084412041805862,0.24263446207569406,1624111450817751
0.37888604247888014,-0.6580691862115028,0.6060057087155164,0.23695441329046274,1624111450825730
0.3765059231696399,-0.6550382078447198,0.6054211989535585,0.25026667364911126,1624111450839711
0.37622141786423646,-0.6596256903821479,0.6029312741024734,0.24459205227739195,1624111450847671
0.369344263647809,-0.6549923552537306,0.6033849389465734,0.2655116662635909,1624111450869612
0.37036583396991124,-0.6594653245992322,0.6003746638600946,0.2597785550692741,1624111450877592
0.3753540036277095,-0.6754619080584967,0.5882391365378371,0.23840155403823268,1624111450907511
0.37351092404055586,-0.6739179331487976,0.5884432905258429,0.24506877164979876,1624111450914492
0.36409612822301884,-0.6637375832188239,0.5887781586543092,0.2832431992607816,1624111450953390
0.36639734946838537,-0.678957659730384,0.5790681050659213,0.26353293587585064,1624111450982312
0.37339099351851746,-0.7048153007026934,0.5583494510328123,0.22816758837745504,1624111451035170
0.37111350869070164,-0.7033590431358857,0.5588212715071009,0.2351161555857761,1624111451042151
0.36171993959163795,-0.6990559437273782,0.5604888330998106,0.2575494919654457,1624111451065089
0.336002779452301,-0.6856637151704508,0.5633020145596906,0.3156869371576492,1624111451124930
0.3374160379397603,-0.6898940731782762,0.560204477142111,0.3104311983748664,1624111451132908
0.33748113723405393,-0.6973495301202127,0.5565228751465532,0.30015396764151275,1624111451147868
0.33884182369253363,-0.7042154785602511,0.5527377810455294,0.2893919896571752,1624111451162828
0.33562186351327244,-0.6994158243299294,0.5535725554393869,0.30287438860535976,1624111451177788
0.3395050540584821,-0.7155131901367713,0.5445760387534196,0.27606906930093056,1624111451214691
0.33809693800797314,-0.7128741302140029,0.5453081437536779,0.2830900269122526,1624111451222700
0.33513940061351205,-0.7073280726808224,0.5476087435453418,0.2957925687821466,1624111451237628
0.3279962567724016,-0.6925575520782808,0.553014465241095,0.3270435656556136,1624111451274529
0.3291426326691401,-0.6949281755033407,0.5521038996771112,0.32236817803956996,1624111451280514
0.33886514297331516,-0.7062358554592533,0.5460709686975563,0.29699802774955203,1624111451312428
0.3380324369953531,-0.6997566886056069,0.5483908381963024,0.30877522062668034,1624111451327388
0.34936616610257465,-0.7194201069230578,0.5415865365986886,0.2589633470447922,1624111451388226
0.3442432978590078,-0.7003461995045086,0.5518577820044609,0.2940488754609723,1624111451432120
0.34046581513548935,-0.693724865552184,0.5562243055553169,0.3056850692268703,1624111451447080
0.34698409851972106,-0.7053126246495948,0.5551639968411022,0.27189901341448275,1624111451486975
0.34671153950323946,-0.7023428156696019,0.5568487094179106,0.27645106704839584,1624111451492959
0.3450053800226802,-0.6946673732495683,0.5618088643971053,0.28771396939110533,1624111451507918
0.33999925934413017,-0.6744233857982711,0.5747344406536699,0.3150141632694513,1624111451544820
0.3629192569882166,-0.6906417577955721,0.5735423989884872,0.2497052099149991,1624111451618622
0.36204347207021964,-0.6858006015653495,0.576965216419258,0.25634585673699417,1624111451627598
0.3633058431846982,-0.6819975974288507,0.5785336640976284,0.26112629303634477,1624111451634579
0.37000456780890323,-0.6134930674100749,0.6017242018808888,0.3530592880963922,1624111451755256
0.3721183997827827,-0.6286813439292349,0.605553625683394,0.31558274788100854,1624111451800136
0.3738313520474502,-0.6386535553548671,0.6071424736659303,0.28939553059744716,1624111451831062
0.3705721425598497,-0.6609561345518064,0.6132820192059791,0.22293146990852117,1624111451912836
0.37891801657552915,-0.6421955454297904,0.618401906488587,0.24816345459370553,1624111451949736
0.37886135193926657,-0.6385124666231557,0.6201580061582546,0.25331788995525567,1624111451956718
0.36757160315336235,-0.637418103299861,0.6287345001355352,0.25155954857685936,1624111451973673
0.3956051277158158,-0.6265510003032853,0.6221554515959127,0.2526915530709157,1624111452009577
0.3680968543834263,-0.6255486790813863,0.6437265430582795,0.24250710021522315,1624111452054457
0.3737563168989154,-0.6239812052932953,0.642303088684837,0.2416617745627193,1624111452061438
0.39008136753896366,-0.6211377620977317,0.6373627477233915,0.23620570486260886,1624111452081385
0.3957166496173941,-0.6203444366118649,0.6355213460142878,0.23386691074301308,1624111452088365
0.416055337811354,-0.6247159860624061,0.6275034374717433,0.20704426724230177,1624111452122275
0.40102369078847716,-0.6121438597774465,0.6430520478530912,0.22570768288895995,1624111452153192
0.3387851185012869,-0.5746049758305138,0.6931868404626136,0.2730307115368941,1624111452257912
0.3546151456980686,-0.5769166755987942,0.6883945765645069,0.2598617994514515,1624111452279853
0.3588976743992324,-0.5774848018057899,0.6870342662205291,0.2562960788482128,1624111452285838
0.3702777788490554,-0.5785691376169014,0.683782660766264,0.2461572512099802,1624111452301794
0.37445167762690346,-0.5789866441506182,0.6825627793712801,0.24221572871008237,1624111452307779
0.396936715285939,-0.5805704883152464,0.6755577185274592,0.22136151673987994,1624111452339693
0.4079616286068991,-0.5803408933680382,0.6719018666259716,0.2128840968549055,1624111452354653
0.3990922152375691,-0.5745451537493289,0.6799267092598344,0.21982479404066838,1624111452369613
0.41474882567100124,-0.575365841161582,0.6746218183250903,0.20450663233425873,1624111452392552
0.4110450839795945,-0.5732475730611689,0.6779217675152743,0.20700540100358242,1624111452398536
0.374976168018455,-0.5588646959758938,0.7063106200293572,0.21951863939928182,1624111452452392
0.4097476227240752,-0.5549267586399134,0.695667313420169,0.20052472978695868,1624111452497272
0.44516784910974694,-0.5489261053449637,0.6834572502569664,0.18273451797894585,1624111452543150
0.4404615971314538,-0.5474926228386887,0.6872959284963976,0.18403726813310636,1624111452550132
0.43034024606946436,-0.5441696454150347,0.695426246164413,0.18726720419609463,1624111452565091
0.4200369779083559,-0.5412111125678668,0.7032462559030558,0.19001097963275956,1624111452580050
0.4152261970881032,-0.5396170506865742,0.7068645607791035,0.19168499308667922,1624111452587033
0.4108225919512023,-0.5216626894174051,0.7157770481150543,0.21623148199093328,1624111452617949
0.4222587722394349,-0.536930951036592,0.7122866372966704,0.16140145418919682,1624111452677790
0.42097393947065026,-0.5284362460494728,0.7165991318639534,0.17326788611722205,1624111452692750
0.41819659571051365,-0.5066266386633417,0.7264191887327998,0.20188169449854088,1624111452729650
0.41982539921177636,-0.5086794480145206,0.7261206669812762,0.19426947862951063,1624111452737630
0.4272478824310952,-0.5156063821464318,0.723963532954281,0.16578935008126586,1624111452767549
0.4247421786369367,-0.5068186462682875,0.7289354560556719,0.177149773881986,1624111452782511
0.4325847124740599,-0.5133401178010356,0.7260928996627617,0.14880017153577677,1624111452812451
0.43134858368687706,-0.5087304877729272,0.7287686472936133,0.15500951223548068,1624111452820408
0.42586961265486883,-0.4867680837146879,0.7401434638825884,0.18406400670909556,1624111452857309
0.42995457056419667,-0.4947035131678344,0.7388130769400856,0.15672504156222955,1624111452887262
0.42786430295500355,-0.4903730297032008,0.7415292825727687,0.16309737301271235,1624111452895210
0.45095048969504614,-0.4761295397821121,0.7347707973281685,0.17336721888638512,1624111452932109
0.43250054137644844,-0.47900344999129096,0.746407653983035,0.16240255749544594,1624111452963027
0.42009037227497636,-0.48159834750805364,0.7538064057822977,0.15284964311688073,1624111452984968
0.4307994969573627,-0.4705693214260839,0.7522319771425747,0.1646917111394836,1624111453007935
0.4162288994196835,-0.48063087335920235,0.7605450467579082,0.1316005270272911,1624111453052818
0.4188472659118075,-0.4763954143253254,0.7608653646394173,0.13674163206621306,1624111453060765
0.4434009852377554,-0.41803507046824234,0.7659617549793181,0.20480438485980393,1624111453157506
0.4217263434271147,-0.44155034579028285,0.7830659545911536,0.11827042805504125,1624111453262228
0.424586836107998,-0.4382433752544321,0.7829373731944012,0.12115210400506482,1624111453268210
0.4329999965351895,-0.4294037725160989,0.7819079153080898,0.12939634897486593,1624111453285165
0.4575213585831579,-0.40806491299673275,0.775853002814345,0.14902802167765092,1624111453330046
0.45399598369223726,-0.4091874524859319,0.7780570715563133,0.1451911461508757,1624111453337027
0.42087142138802763,-0.41591318743935013,0.7974855632391442,0.11789929430664972,1624111453397866
0.4251842237326438,-0.4131906889489461,0.79627669170223,0.12014682978138098,1624111453404846
0.4625389032038466,-0.3886566780205427,0.7845073603431327,0.1398282919171541,1624111453464685
0.43709201683930415,-0.3933493572331587,0.799922373622617,0.1197958603523873,1624111453510563
0.43649196382135097,-0.40139168656194896,0.7999989281641325,0.09143956700779694,1624111453540482
0.4432526344536401,-0.3837676502893561,0.8021140362227025,0.11341325114738224,1624111453570404
0.4352940864228029,-0.3885380630168764,0.8063881974420098,0.09641217214987656,1624111453593342
0.4382377357425194,-0.384760758388264,0.806082752751719,0.10068486227814333,1624111453600324
0.4448156356823558,-0.3767451908012429,0.805100639036903,0.10961328606974263,1624111453615284
0.41121531030909225,-0.3686485355057045,0.8260720271031975,0.11227302380585764,1624111453667144
0.4400003628167076,-0.36282289476873464,0.8148614300417075,0.1037307938038876,1624111453705042
0.4458146941257353,-0.36187356151899636,0.8124260230028355,0.10129531639187635,1624111453713021
0.4678918576012963,-0.3645628545440564,0.8014757943226889,0.07620817404919421,1624111453749922
0.4594135522726903,-0.3584000196336905,0.8083109847729439,0.08439174017729274,1624111453765880
0.45576584502897705,-0.35558732601094994,0.8112140323391686,0.08813025485854183,1624111453772862
0.44847596675373225,-0.3488028197778346,0.8172141577756895,0.09678285225341914,1624111453787821
0.42336678209548867,-0.3435602359645836,0.8327527881450477,0.09617549541707739,1624111453824722
0.4391036688761556,-0.33953470734901026,0.8267420740812911,0.09166075184443219,1624111453846691
0.44317209455055473,-0.33891585466309915,0.8250604853078406,0.08949711533477292,1624111453852648
0.46501079851444044,-0.33524827464582363,0.8155474582746429,0.07909421542521629,1624111453884563
0.45956250770066237,-0.33353156037103027,0.8191919760218271,0.08052022214201103,1624111453892541
0.43917298035942454,-0.3273285894387845,0.8322742821143088,0.08545529351273666,1624111453922461
0.4450071449020001,-0.32714525036849507,0.8296410957712165,0.08148790312089407,1624111453931437
0.453780109294255,-0.3273692927314265,0.8254581009519517,0.07437662373499584,1624111453945432
0.44919021156559996,-0.3246358350779469,0.8286764393228213,0.07832679827585141,1624111453953379
0.45846150835930377,-0.3243887107375725,0.8242076715220676,0.07257219786598094,1624111453967370
0.4490188923590303,-0.31929676707755367,0.830701675176331,0.0797893206997631,1624111453983298
0.4538543158742651,-0.31873166558281246,0.828475388711336,0.07781333829562789,1624111453990279
0.44109161160575383,-0.3112852574031057,0.8371327637339335,0.08802507925419523,1624111454012222
0.4448543741639271,-0.3116004429442641,0.8353596241041699,0.08475876450668197,1624111454018206
0.449369089931037,-0.3117776563244024,0.8332257529945544,0.08122166323138255,1624111454025187
0.45491577030817876,-0.3128958137551611,0.8304303569235727,0.07438597958755001,1624111454035165
0.4419805548503622,-0.30441655264782164,0.8394774872319307,0.08521326210717128,1624111454058107
0.45923412700667565,-0.3069917280187422,0.8310312669100716,0.06517000029403522,1624111454088019
0.45536751378674656,-0.3042981518451829,0.8338735628485506,0.06854154472688416,1624111454095000
0.44590663271524783,-0.2985689153455165,0.8404804312458242,0.07494346124101947,1624111454110958
0.45417637171886727,-0.2991472316733079,0.8365808887975948,0.06608459467309888,1624111454124921
0.44949147858886607,-0.29610991154770544,0.8399072728744144,0.06951333635979007,1624111454132928
0.4581080593453593,-0.29677617448654486,0.8357518710710732,0.05983074645331401,1624111454147894
0.44863412868657054,-0.29210667688163,0.8421575241935196,0.06458956837643347,1624111454162819
0.45286784279545084,-0.29216311169385506,0.8401645817835324,0.06062102476584373,1624111454169822
0.4561862359240699,-0.293490746853682,0.8383443840995873,0.054184807034631854,1624111454177778
0.45527445774797404,-0.29555516034605195,0.8385086136147784,0.04770346118396479,1624111454184761
0.45598542967731914,-0.29082863980709045,0.8393836832025632,0.05413891911783424,1624111454192739
0.4526100118149237,-0.2928271038584054,0.8408714189665774,0.04828789927018868,1624111454200719
0.45540787930815557,-0.2892015800208554,0.840349651438297,0.052712170369109905,1624111454207699
0.45162348605307434,-0.29113745210377445,0.842040488285035,0.04736060511111227,1624111454215678
0.46064295778669995,-0.2800679006121046,0.8400162770170609,0.06117753537570098,1624111454237619
0.45701268462924066,-0.2821919565737163,0.8416705534549261,0.05565775040325182,1624111454245599
0.453131789780641,-0.2836599010694383,0.8435214936920631,0.051769984498549824,1624111454252605
0.4496510734042384,-0.2803552202455939,0.8461387955047464,0.057131439761640444,1624111454260557
0.45405862454792256,-0.2806417024392021,0.8438961407301339,0.05394723335316815,1624111454267539
0.4501022561544559,-0.2783607398009737,0.846529267433413,0.05754525975936365,1624111454274520
0.4555688955095217,-0.27750258631608604,0.8439761012372365,0.05615724861949398,1624111454282499
0.4399186580836248,-0.27387821018916525,0.8531155073901893,0.06046677851400706,1624111454305437
0.4501609675105917,-0.27271473922821193,0.8483850254899975,0.05678576284556451,1624111454320397
0.43719816361702996,-0.2645150641545753,0.856856373418663,0.06845949091991825,1624111454343336
0.44947519392330826,-0.2668814774872032,0.8507507316812725,0.054493298355222285,1624111454365277
0.45463506188190433,-0.26673259404233224,0.8482592943245939,0.05115518913098871,1624111454373255
0.4451539980338444,-0.2637641845399892,0.8540131398813396,0.0541103492730715,1624111454387218
0.4497870437513907,-0.2641693414062019,0.8517422832370195,0.04940908095266565,1624111454395197
0.4457694786813236,-0.26151031386867307,0.8544654690807743,0.05282697951862929,1624111454402178
0.44996139091470355,-0.26218771349130227,0.8523752672872609,0.04742102168109302,1624111454410158
0.44588570701950825,-0.2594755744333542,0.8551487367842731,0.05078386086598814,1624111454417139
0.454361017225668,-0.2605566368582715,0.8509107030731085,0.040215425030592,1624111454433097
0.45034640143777793,-0.25776563889903553,0.8537184251707278,0.04370176928944797,1624111454440078
0.44558207202164635,-0.2578351797033242,0.8562996612644442,0.04157556155542534,1624111454447059
0.45636748751677836,-0.2544766613488132,0.851712661170107,0.03944474577075203,1624111454463017
0.45066778413914865,-0.2538880613937081,0.8549566027725184,0.0385824830269971,1624111454470995
0.4511178864283626,-0.255704363455255,0.8544484230677689,0.03202847750600543,1624111454477976
0.4502567755574538,-0.24665942931930912,0.8569910135668705,0.044658310067729766,1624111454492935
0.45066297769384434,-0.24884974358889575,0.856499653542838,0.03721597953644297,1624111454500913
0.4515943616287405,-0.25066954815569464,0.8557327888918248,0.03080104199487159,1624111454507896
0.44696166273195026,-0.24276766970639457,0.8599341462990393,0.04245461838433874,1624111454522855
0.4489394261094616,-0.2443747322133901,0.8587243277256422,0.03642678838828635,1624111454529837
0.4492801666307236,-0.2466923855574375,0.8581670508652947,0.028974326384099712,1624111454537815
0.44809944289537773,-0.2422541086545966,0.8597956342689821,0.03565534193943248,1624111454545794
0.4501253065082477,-0.24394202222997613,0.8584881492681044,0.029624243406894242,1624111454552775
0.44540464364412635,-0.23643430263195211,0.8625663097347763,0.04114468701693214,1624111454567736
0.44734317004418844,-0.2382104691363521,0.861343154627543,0.03504041359527477,1624111454574717
0.44807221888517573,-0.23480532851182512,0.8616842087572184,0.03997585201362658,1624111454580700
0.4457353583866958,-0.23749756861440535,0.8624824515058499,0.032232220379443545,1624111454589677
0.4470250770351512,-0.23299093960888573,0.8627786180472851,0.038689259521251095,1624111454597656
0.44545781479064656,-0.2351106680592377,0.8632690849006573,0.032508399860074845,1624111454604637
0.4499078284248105,-0.22628189494810963,0.8627894622673087,0.04442739854248006,1624111454620594
0.44789476569910797,-0.22830824862099502,0.8635890464387297,0.038465326490241196,1624111454627575
0.44633479818110494,-0.23039617700796694,0.864096710873284,0.032244748575826626,1624111454634557
0.45285686918330936,-0.21695873003968835,0.8633260198799861,0.05017717500257074,1624111454658493
0.4512467813690691,-0.21871123596167075,0.8640128101512332,0.04498445801321688,1624111454664477
0.44251628677044763,-0.22365058512839825,0.8679387635515456,0.029018174291883546,1624111454685421
0.4491970136563243,-0.21671757695662058,0.8659750855895949,0.036642678646422226,1624111454699383
0.44608228034505726,-0.21826874991824194,0.8673991772035302,0.03143277521824255,1624111454706383
0.45043207876672753,-0.2157663437863344,0.8657147097507736,0.03307368482790746,1624111454713346
0.44590480991712994,-0.21639160444588892,0.86801234043156,0.02996916543095472,1624111454720359
0.44976949564471036,-0.2146010189125311,0.8664386182548202,0.03062554923400353,1624111454726312
0.43992943427825115,-0.21463715219537435,0.8715867988173114,0.02700810768026814,1624111454740276
0.4444232476972713,-0.21244035552533796,0.869812935977807,0.02797371366381842,1624111454747257
0.4548463503984783,-0.20771229821811663,0.8655077800176787,0.029439453578530405,1624111454763248
0.44490195316827313,-0.2074626900770159,0.8708195605652117,0.026358627241864392,1624111454777176
0.4501183854177035,-0.20622038747563873,0.8684765481891052,0.024800728696830403,1624111454785153
0.4449900332840549,-0.20510998042478823,0.8713659814156259,0.02520104441450229,1624111454792167
0.43920708233628747,-0.20459657218118343,0.8744461722181244,0.02410961157766149,1624111454800115
0.4438939430654191,-0.2030254542277013,0.8724544479901415,0.023707982362220752,1624111454807095
0.4381465859279617,-0.20146774258904296,0.8756860869872658,0.024742574495739925,1624111454815074
0.442830661024679,-0.20039484396104912,0.8736127228242944,0.023317862033108695,1624111454822085
0.43709620815176764,-0.19887566855630381,0.8768171133812495,0.024230620243878336,1624111454830064
0.44248039513440435,-0.1974980307875299,0.8744604253588757,0.022903978648337747,1624111454838013
0.4267334518208407,-0.19160029672184098,0.8833921850837649,0.028392511796312317,1624111454860952
0.44116536655611277,-0.1898141534242017,0.876882537134228,0.02051152311027859,1624111454882893
0.44592993633000194,-0.18801527789605713,0.8748584688577785,0.020479419674691184,1624111454889874
0.4348921948277704,-0.1877556679619257,0.8805419643779758,0.01619990726612984,1624111454905861
0.4396648133363749,-0.18565242498025636,0.8786048507571173,0.016779309845893143,1624111454912813
0.44946252911769463,-0.18219562260960703,0.8743708967439735,0.016239610468319857,1624111454926776
0.44457945131089066,-0.181544552900366,0.877012675916359,0.01547427110855774,1624111454933756
0.44039033976605196,-0.18080784743813305,0.8792809738068246,0.015160476471807093,1624111454939741
0.444610154000161,-0.1753319827444902,0.8781346542521821,0.021448444890939188,1624111454949714
0.4414315513608475,-0.17706651329455603,0.8795226999476942,0.015015179305712474,1624111454957692
0.43814657930263845,-0.18094990529878155,0.880501784307705,0.0011465813126343499,1624111454972679
0.44003858503945964,-0.17684694375490828,0.8803695210991075,0.006380319799714157,1624111454979634
0.44260690182678114,-0.1678691332861063,0.8806726618660057,0.018296097587016523,1624111454994594
0.439663119654596,-0.1718800101310558,0.8815519464304582,0.004446243089081285,1624111455009554
0.442313637729705,-0.16234764555668388,0.8818761168487211,0.017216340852145788,1624111455025512
0.4397657018632167,-0.16615056884373017,0.882599887086756,0.004189898817761834,1624111455039474
0.4379835425757441,-0.1570648753192192,0.884993559183828,0.01695410206704587,1624111455055431
0.44023696299468484,-0.16072810918994465,0.8833719126571269,0.0034576376228835364,1624111455069394
0.4400505639093641,-0.15607527662927084,0.8842496406259578,0.009928861012827426,1624111455077372
0.4478377690922937,-0.1608166148064619,0.8794691163335594,-0.010649994934062127,1624111455100311
0.445904274443286,-0.15712209859990228,0.8811642335375497,-0.005622961759784448,1624111455107294
0.4421945414428771,-0.1482292212529305,0.884564430030313,0.006152610016945882,1624111455123250
0.44429687200608536,-0.14272054014986024,0.8843456570533414,0.012802179339237541,1624111455132227
0.4409841747578947,-0.14971107132827405,0.8848159940161572,-0.014839456460353824,1624111455160151
0.4429405898678256,-0.14533919043964016,0.8846368164425003,-0.009892247690529852,1624111455167132
0.450644846679615,-0.13612016343901256,0.8822634912515449,-0.0012865733861282523,1624111455183090
0.4433572541186526,-0.14049518364048408,0.8850105241976662,-0.02125607333369287,1624111455205031
0.4548644114543472,-0.11576834711159316,0.8829926536372741,0.004475558283039048,1624111455242930
0.45248096351615585,-0.11711922210745751,0.8840474347951653,-0.002049024285706203,1624111455249912
0.45003961996178043,-0.11873337520874021,0.8850262138059786,-0.009763552245530657,1624111455257890
0.43004622356831074,-0.13211191968762553,0.8899526401699872,-0.07477288629947282,1624111455324742
0.4342160245823882,-0.12228809484770944,0.890112558508596,-0.06482051403426015,1624111455339672
0.4423118184030972,-0.10164933820251237,0.8899772752565162,-0.04436346324312518,1624111455370589
0.4448144829254421,-0.09789183796727835,0.8892961760076359,-0.04134700929155168,1624111455376573
0.44926216884636716,-0.09258520947734426,0.8877894105888466,-0.03770205665216157,1624111455385549
0.44542867691859783,-0.09346228470950603,0.8893592702074758,-0.04356814904781487,1624111455392530
0.42321549933038294,-0.10995841224282395,0.8898312104211419,-0.13037716695808843,1624111455475309
0.4824169573384568,0.11007484902719092,0.8651374244533077,0.08182080233195052,1624111455797462
0.47560900505985093,0.10318214244973496,0.8720888161670716,0.05109419244666497,1624111455828387
0.46975765926478047,0.09984119136233943,0.8766440029808371,0.02923645168548063,1624111455850320
0.46761439400435656,0.09678673938829868,0.8784947350488829,0.014700547265763812,1624111455865289
0.46675513546931635,0.09513145934862696,0.8792192527301961,0.007946985829632163,1624111455872261
0.4650256278481061,0.09120131652761009,0.8805624923751403,-0.006571326364310257,1624111455887221
0.4558161389961468,0.07187234426849673,0.884101084697316,-0.07369725637379802,1624111455956037
0.4547821108431398,0.07008247938319144,0.8842767091914644,-0.07947565238534944,1624111455962023
0.4525098428281976,0.059871467293440096,0.8838951600139169,-0.1018803006066572,1624111455985957
0.45180825006444747,0.0567083798806706,0.8837064813703472,-0.10824194939602395,1624111455992939
0.44909269272471575,0.04596991055508956,0.8829387829925921,-0.12892488569854016,1624111456015885
0.44645247317237446,0.03827948043015241,0.8824667728460838,-0.1430638507760995,1624111456031835
0.4443948050978182,0.03535653677026744,0.8828152313405333,-0.14798797188571047,1624111456037818
0.43991871708777164,0.04241628532594843,0.8874611340410906,-0.13071004805101435,1624111456059760
0.4562245063013845,0.010367032901720948,0.8693421533603934,-0.18972597310222655,1624111456135557
0.4430801057007745,0.027813938657906098,0.8845315042723519,-0.14321460364856226,1624111456195397
0.43549309339377373,0.03260312870943814,0.8905015159089709,-0.1276317036182724,1624111456217338
0.4450009272614936,0.029390171919023076,0.8851627228738902,-0.13265499072956824,1624111456233296
0.42738259585620936,0.005351162116809884,0.8888868009674361,-0.1649113000648694,1624111456277178
0.4347468565740037,0.010637015549738492,0.8875069370463301,-0.15235964457118797,1624111456293136
0.5337424648025788,0.054350738804374306,0.8436347403459851,-0.02110458100150395,1624111456472655
0.5083066256237474,0.023875813526422447,0.8592674737109659,-0.05209345926146,1624111456525564
0.4805605025924186,-0.015389095688281892,0.8726459047986292,-0.08552136528494393,1624111456585404
0.46970423956726776,-0.030471775734060635,0.8773931460053126,-0.09290137544217579,1624111456607345
0.4144388199073243,-0.0714056421433666,0.9022030266993822,-0.09576741323848854,1624111456697105
0.42595204121268065,-0.07287450970823012,0.8972786323267707,-0.09025087474000355,1624111456713064
0.43090144290946997,-0.07340225717818465,0.8950935460785729,-0.08799772103963803,1624111456720044
0.4737791116893075,-0.07730913162838651,0.8742231316708389,-0.07273628767944254,1624111456779884
0.45849112934543235,-0.08644260142769719,0.8813389278858077,-0.07453358412861627,1624111456802822
0.47478203328338825,-0.11095843448254955,0.8670942642083529,-0.10206754462339364,1624111456847703
0.45846664224046296,-0.10651720431228301,0.8802132982171533,-0.06072044779093196,1624111456898567
0.47964065130207606,-0.13581859719264028,0.8618743796472909,-0.09311663644452213,1624111456952422
0.47146179077102207,-0.13485803362179313,0.8683175755408629,-0.07457666268667622,1624111456975360
0.4627001303305204,-0.13080813897478993,0.8758354405364058,-0.04135337072683936,1624111457012262
0.46505959640721906,-0.13612373433219538,0.8735158332923147,-0.04647568965217503,1624111457020240
0.46757491476133045,-0.14059557384691554,0.8712269557491936,-0.05069689612376263,1624111457027223
0.47137805087030227,-0.15192823395315413,0.8665592892990204,-0.06160797850252234,1624111457043179
0.4678777466177142,-0.1513124424366639,0.8694291343113859,-0.04783240945567366,1624111457058139
0.47012090945606183,-0.156063627513003,0.867121804118135,-0.05225180841462594,1624111457065121
0.4722905111630302,-0.15491552498134425,0.8665862719635024,-0.04439691914442748,1624111457073100
0.46839439994918486,-0.1593602963138106,0.867779637200652,-0.04657771264158817,1624111457080088
0.47261583709532845,-0.1586392131628879,0.8659330800838779,-0.0403456489623124,1624111457088060
0.4682732356390358,-0.16218945392851256,0.8676063983007108,-0.040913267361422215,1624111457095044
0.47884018547596524,-0.16337724212423807,0.8618437457166866,-0.03528897134024103,1624111457110001
0.4739570061762992,-0.16752153296725264,0.8637018626658957,-0.03633709834540409,1624111457117980
0.4609813611375629,-0.17954035984384378,0.8680920633471172,-0.04095867947880329,1624111457139921
0.4710689387732407,-0.17961676792783557,0.8629644290503395,-0.03353007300964881,1624111457154881
0.46625800073359125,-0.1839235705143355,0.8646052293867313,-0.03511971352801898,1624111457162860
0.4705894340662515,-0.18296900286649465,0.8626773301863391,-0.0292532479874588,1624111457170839
0.46881954120442326,-0.18050133770797427,0.8645160405541941,-0.015476449689928078,1624111457184801
0.4705014221970548,-0.18563971858049028,0.8623919642562773,-0.02112833599943166,1624111457192779
0.47558492754227627,-0.20005629884382287,0.8558064802858457,-0.037305794298891894,1624111457215720
0.4729526909323783,-0.19722067399672538,0.8584256817869889,-0.022915207540907676,1624111457230679
0.4711453589669327,-0.20670604099085477,0.8568464185113589,-0.0332998262167312,1624111457244640
0.4750530839042213,-0.2028998812808253,0.8560309031311807,-0.01916503414374408,1624111457259601
0.47428009703158214,-0.20761052514625103,0.8551953442154694,-0.02443732064682587,1624111457266582
0.47494306324856966,-0.20602171108927533,0.8553591713590524,-0.018569577374502436,1624111457272566
0.4754999489358961,-0.21246361495248273,0.8532715196470925,-0.026205431544332098,1624111457282539
0.4753503207981878,-0.2104508515552538,0.8540588406879598,-0.018330527528332186,1624111457290518
0.47160594020918756,-0.23055384363494597,0.8501541229735549,-0.04087455853739619,1624111457320438
0.4719159348049592,-0.2258583772831131,0.851936855123667,-0.02206668915348865,1624111457339387
0.47183124830515294,-0.22131609347818812,0.8534496038285905,-0.00427008374355303,1624111457357339
0.4744852218117517,-0.24530977143172755,0.8447364717773214,-0.033274368086700125,1624111457395238
0.4739917239439711,-0.2436106260261675,0.8457476312161226,-0.02639418140573012,1624111457402219
0.4730300893643208,-0.23991410975433658,0.8476727976944397,-0.011600971754487736,1624111457417179
0.4424437980354596,-0.24914906845762877,0.8614880462551221,0.002563869377709744,1624111457462059
0.44751756808633264,-0.25079805785788667,0.8583843082228819,0.002177114037280288,1624111457470038
0.45265208574560156,-0.2522032261003914,0.8552745334805875,0.0022570764885068446,1624111457478017
0.4772212773607871,-0.25584418032481504,0.8406821175245244,0.007562083214557087,1624111457514918
0.4716214388493374,-0.25837845068112647,0.8430571747347686,0.00827011303013333,1624111457522897
0.4667204977684655,-0.26060969153202596,0.8450901263265488,0.008788858157680464,1624111457529878
0.4718741040865019,-0.26216381433033537,0.8417482643396491,0.008051324705838279,1624111457537857
0.4615593512296347,-0.2657129454585475,0.8463077323649172,0.01108233042159508,1624111457552816
0.49708227150632617,-0.27412925865737386,0.8232085895879823,0.009485933303291293,1624111457605675
0.4876072786047873,-0.27733610256834906,0.8277450038723256,0.012729360873003696,1624111457619638
0.47206343571050224,-0.28275444618933687,0.8348039122310982,0.017563141775056985,1624111457642577
0.4673424547550609,-0.28295398079327033,0.8372793289172208,0.022167546203490405,1624111457650555
0.4950070719297744,-0.29592208482231375,0.8168919736477313,0.009253207219171855,1624111457695435
0.490093476476815,-0.2965878968748544,0.8195530324463803,0.013297772375950461,1624111457703414
0.45838844787002603,-0.3009070344929669,0.8353738106994658,0.03854327242736196,1624111457755275
0.4680393448823937,-0.30514724080220845,0.8286056949327486,0.03517009237797802,1624111457770235
0.4724373194961629,-0.3072386091408667,0.8254047475889529,0.03338291266626079,1624111457777217
0.46750134006195054,-0.3080667803827807,0.8277250818891939,0.037530583214161264,1624111457785195
0.48259364924991643,-0.3116218459768575,0.8176304800394335,0.03841344717816797,1624111457807137
0.47193328463360273,-0.31577139303333107,0.8220646891124403,0.042155060327265355,1624111457823107
0.4675238268423234,-0.31881857249708956,0.8234486757242372,0.04133361360475766,1624111457830076
0.5142603689615588,-0.3320759625285041,0.7896430797096111,0.041540759417827686,1624111457897894
0.4650119793794257,-0.3515024112177748,0.8102344563405866,0.06107405095613755,1624111457972696
0.4705881183588525,-0.34465473258091195,0.8072713321313861,0.0898495102261109,1624111458002614
0.4624470667137931,-0.36391089769251206,0.8054783467620457,0.07011563253597942,1624111458032534
0.5030556654702221,-0.35928612956037564,0.7795806846775329,0.10051084827791355,1624111458100353
0.4577310346197734,-0.3907630780389114,0.7940827175943659,0.08496560719146239,1624111458175152
0.5227297172770349,-0.3768404852314035,0.7510526574797461,0.14375255496387723,1624111458287851
0.5018398005973738,-0.39472522227697554,0.7582854864459617,0.13172674170490867,1624111458325757
0.49458517850022454,-0.40196619687652846,0.7601442698758809,0.12644906781540555,1624111458339719
0.4514989676382309,-0.43417939804716055,0.7715659539535057,0.11100860882307217,1624111458413522
0.46926773694251134,-0.43062829934842856,0.7602618186702689,0.12786330958218436,1624111458445436
0.36668402030088826,-0.5078237868312514,0.7760534881046426,0.07347662475211286,1624111458639916
0.39108644368042317,-0.5026348612922279,0.7647459242137475,0.09784304360353567,1624111458684796
0.5306481195027567,-0.4606661565830276,0.671325409811358,0.2356299208267526,1624111458925154
0.5176951551751678,-0.4710638403130746,0.6761958827554085,0.22989065401249156,1624111458948092
0.5093870076950214,-0.4775421825477853,0.6795557560556713,0.2251273299504417,1624111458963054
0.4966401898996361,-0.4868157730792488,0.6843879096083888,0.219025373049715,1624111458984993
0.470624852764902,-0.505104974503727,0.6933098051820411,0.20664638087816561,1624111459029874
0.46592544482221715,-0.5084183263404067,0.6947600866769843,0.20428584696211374,1624111459037853
0.46188679541781186,-0.5114155292726421,0.6958990015319221,0.20208741748144937,1624111459044834
0.4582407002977735,-0.515679364249359,0.6962294399591343,0.19838049503964206,1624111459052811
0.4517918316067565,-0.5238943751334608,0.696359210718428,0.19105673043507435,1624111459067772
0.44847379478019833,-0.5283826153946511,0.696215230987417,0.18699577344232762,1624111459075751
0.43460897779140134,-0.5380020687668464,0.6988736350827632,0.18233061347977544,1624111459097693
0.4375270344862245,-0.5370199504482528,0.6966371304640412,0.18675217635431351,1624111459104673
0.4368959655699024,-0.5351023485786238,0.6964411380131739,0.19431194790156134,1624111459112652
0.4327204291712199,-0.5317413102335805,0.6975573573325519,0.2083697252485998,1624111459127612
0.4337800099887011,-0.5410542774176355,0.6929622507407225,0.1972270034012456,1624111459142573
0.4307986580378525,-0.5373914738340512,0.6935441526159222,0.2112331140127278,1624111459157532
0.42576381478529635,-0.5366792026547371,0.6955113077282776,0.21671323974194265,1624111459165511
0.4290151131882808,-0.5401234652670992,0.6922075330996849,0.21227672044752333,1624111459172492
0.41735603125014387,-0.543450380132068,0.6962428126422684,0.21382603526564034,1624111459188449
0.42707405742307636,-0.5455404477885792,0.689038592879281,0.2126480350856028,1624111459202412
0.43119669255751186,-0.5489945286882374,0.6851874959350016,0.2078280905271585,1624111459210390
0.43450098190900033,-0.5521496688309045,0.6819051257263751,0.203334796427305,1624111459217372
0.43814456609721114,-0.555799033318795,0.6781328349746156,0.19812276974308213,1624111459225350
0.4342246393304765,-0.55432295481673,0.679940568939795,0.20458701589151465,1624111459233329
0.43698061862441356,-0.5577837621149349,0.6767725168443602,0.1997602916289542,1624111459240310
0.4389828974915391,-0.562146228444125,0.6735958857177053,0.1937891026352065,1624111459248289
0.4368194510942063,-0.5604796078926012,0.6745283500855203,0.20015714129957526,1624111459255271
0.44033401876065753,-0.5643028454306681,0.6705435603132188,0.19503739201346287,1624111459263249
0.43681728733965536,-0.5632744451563962,0.6719996797200029,0.20082078421117783,1624111459270231
0.4408974311326597,-0.566803467802893,0.6676545278274552,0.19641974335268392,1624111459278209
0.4325598162518857,-0.5657531994888022,0.6707978785500559,0.20699161520472947,1624111459292173
0.4367907791415187,-0.5692825179124961,0.666282509760158,0.20297499167103963,1624111459300151
0.440889403513512,-0.5719324373917872,0.6621236801260063,0.200254970337775,1624111459307132
0.43603660995805515,-0.5715763595720712,0.6637339670676156,0.20646975787100366,1624111459315111
0.43224935403826514,-0.5705674147977075,0.6648216566923353,0.21360123102974438,1624111459323090
0.43412096808689765,-0.5748409813871661,0.6614402112251803,0.20879099156698255,1624111459330070
0.43050444132639254,-0.5737888505054669,0.6624072878985048,0.21598348541685594,1624111459338050
0.41927052620331734,-0.5712378195810773,0.6653666934260491,0.234918587209986,1624111459359991
0.42251108895952993,-0.5758106857549952,0.661111132223313,0.22990977518801498,1624111459367969
0.4254522610651346,-0.5797146823426387,0.6572877232887692,0.22559722836241694,1624111459374951
0.42853617293294666,-0.5842723392165337,0.6529768464144189,0.2204627409815635,1624111459382929
0.4154885391556459,-0.5827623676816733,0.6566711086463186,0.2377821517977581,1624111459404871
0.4192821831732599,-0.5869898500504123,0.65212907118353,0.23318027645700598,1624111459412849
0.4222853127762006,-0.5908356411937729,0.6482461957316515,0.2288345022676669,1624111459419831
0.4259794254375206,-0.5950324738226686,0.6436240255509437,0.2241115747434599,1624111459427810
0.42943897942348463,-0.5944609180984108,0.6403261718112807,0.22843111324603016,1624111459435788
0.4213948798949134,-0.6082563076986541,0.637085634465148,0.21580665814865718,1624111459457729
0.4259217861831979,-0.6063771888977684,0.6322617537318768,0.22614688060383617,1624111459472689
0.43027700842315797,-0.6148810186083823,0.6242860897224134,0.21690990562128507,1624111459486662
0.4268063978605599,-0.6143533311556698,0.6249722998923992,0.22319477505181493,1624111459493634
0.4239231059810945,-0.6138487675884128,0.6254453788114698,0.2286853053191339,1624111459499618
0.42506383788988245,-0.6205806967453363,0.6205019957413194,0.2217602440169026,1624111459509591
0.42036644488695024,-0.6186447740998017,0.6202335926707387,0.23639159463665382,1624111459524551
0.42223718182749714,-0.6238268575839596,0.6157157777923198,0.23119233338693077,1624111459532529
0.41120376213582455,-0.620143835932802,0.615015872343211,0.26093785759412813,1624111459562449
0.4138254045351626,-0.6310066667775417,0.6063387607080486,0.2508633658122153,1624111459578406
0.4112723004879984,-0.6357372211593427,0.6045648971413209,0.24737535372063765,1624111459585388
0.3894635315171628,-0.6322795924471496,0.6070880885669463,0.2828157126348851,1624111459623286
0.3940965109964174,-0.6406219153195727,0.5989344614454124,0.2748981857448802,1624111459637249
0.39681584203969616,-0.6451307713190004,0.5943859676701716,0.27027540924115145,1624111459645228
0.41356646798089297,-0.6629863930204648,0.5709655438824309,0.2518137544507107,1624111459682130
0.4083653048237241,-0.6624231406447565,0.5723396162525815,0.25857440751631205,1624111459690108
0.3891223471036086,-0.6594465164172981,0.5770838062177978,0.28405698648483946,1624111459720028
0.39427400207388213,-0.6606174371698663,0.5721688163685973,0.28417504917061365,1624111459728006
0.3884159102276405,-0.6618192982238366,0.5737788788672199,0.2861924096589885,1624111459734989
0.3853572473485575,-0.6596808416806839,0.5746094424533327,0.29350462974010694,1624111459742967
0.3869602026004188,-0.6638069756783774,0.5715423651930702,0.288030250900283,1624111459750945
0.3847952171094927,-0.661724429434914,0.5721687761814125,0.29440841010704916,1624111459757927
0.38623777378379515,-0.6657319175615339,0.5693841149865071,0.28883061756575107,1624111459765905
0.38436647993730744,-0.6634878972871707,0.570033964197166,0.2951397955473242,1624111459772886
0.3883124019128701,-0.6665652396449024,0.5661885241887948,0.2904045710637249,1624111459780865
0.38414342166296883,-0.6649518627697122,0.5681681461679362,0.29573266554820604,1624111459787847
0.37869722887735086,-0.6647415123209448,0.5706124561552257,0.29851056182048064,1624111459794828
0.38409637123026114,-0.6664811411119134,0.5665364500399215,0.2954815001418379,1624111459802807
0.37897219650533176,-0.6655712257036108,0.5691009717405582,0.29919742939281724,1624111459809788
0.39363146307136004,-0.6713388249366652,0.5580507734867555,0.28798921442267983,1624111459832726
0.3887394470653585,-0.670180830134122,0.5607870468848011,0.2919883306953935,1624111459839707
0.36910871798928824,-0.6619414499214593,0.5735826565174609,0.31079769516930583,1624111459870643
0.37344054266064963,-0.6637110149183196,0.5710084863022254,0.306560203458073,1624111459877606
0.3784581054075354,-0.6655930187601838,0.5681276752678875,0.3016394212031149,1624111459885585
0.37476318176550777,-0.6629782467718204,0.5711574124581651,0.30625416257489474,1624111459892567
0.3909696090802776,-0.6704522272433271,0.5628353629885658,0.28434649624992075,1624111459922486
0.37654170220323574,-0.6581932756486063,0.5764432453085133,0.30448504615339744,1624111459952407
0.3745207947033452,-0.6603534380092815,0.5781078614070201,0.2990966596662328,1624111459960385
0.3715813635068665,-0.6517869518846134,0.5841530499337964,0.30962279292775935,1624111459975346
0.4094266034618674,-0.6436986486932171,0.5761552036569693,0.29337192665147965,1624111460020225
0.40414822053837224,-0.6412930570267635,0.5820622655036416,0.29429738347750156,1624111460028203
0.3268234569854167,-0.5974246512661388,0.6667128387380975,0.3029260713200854,1624111460147884
0.3711073183789469,-0.5816697569922569,0.6699408653643599,0.2740782533529581,1624111460200742
0.3890748433938267,-0.572386274350114,0.6723499321539577,0.2625648261024957,1624111460222683
0.39420386058784423,-0.5706094630254498,0.6735554951807665,0.25559959294811013,1624111460230662
0.44501190075591235,-0.5596329026867313,0.6797308293612998,0.16352804662146866,1624111460327403
0.4374976474230956,-0.5413722665962462,0.6958901887843565,0.1767730822647284,1624111460350343
0.4353479651934107,-0.5357466890619117,0.7005196814059713,0.18088618057782244,1624111460357324
0.4200583043577602,-0.523636012714322,0.7169113907916342,0.1881340077761971,1624111460380262
0.41442419365035693,-0.519754777742377,0.7224866429881849,0.19005422761645452,1624111460388241
0.3760271924101004,-0.49765943128377804,0.7567166493960275,0.19575125427269593,1624111460440102
0.3916626456152973,-0.49330633711585975,0.7549408708849312,0.18251989277462716,1624111460463041
0.39573525494229994,-0.4920591172108337,0.7544023665054146,0.17930003507104478,1624111460469025
0.4154235856900496,-0.4885619025966819,0.7510167362085487,0.15717625049030576,1624111460499943
0.41026307118064875,-0.4859100512463021,0.7553451404998671,0.15820667889338286,1624111460506925
0.40584583485831727,-0.48362811135856043,0.7589902637578759,0.15914392150709755,1624111460512907
0.38316101466110336,-0.4840498077866936,0.7753418594564663,0.13314811827483045,1624111460552801
0.391483713176744,-0.4764117714470517,0.7752512810906332,0.13695903588797265,1624111460567767
0.39649683012646003,-0.4718938012942581,0.7750664601189093,0.1392066320204155,1624111460576737
0.4484399607611029,-0.4439491427984116,0.7631043911497891,0.1395795415132384,1624111460650540
0.4073075477118104,-0.4404905696162369,0.7905560990560211,0.12284003378980764,1624111460710379
0.41231094638414556,-0.4396217282194509,0.7888504076634009,0.12019756194881709,1624111460717361
0.33576634781527753,-0.3913227434003647,0.8353237137558459,0.19068760685882016,1624111460852999
0.3395107048744356,-0.3923426463942585,0.8342553454306945,0.18659514387123377,1624111460858982
0.3539879906293356,-0.3960991064024096,0.8298365221408978,0.1707903595596578,1624111460881921
0.3632275192998137,-0.3980343964878992,0.8267092211602693,0.1618216675368232,1624111460895883
0.36714729789172096,-0.39888546924280005,0.8253191081038797,0.15792914194782393,1624111460901867
0.3788264048374325,-0.4014438983972253,0.8209716499843639,0.14607840825917787,1624111460919820
0.3934452672119432,-0.40472269410014194,0.8150717110331631,0.1306080719646282,1624111460942758
0.4439791052125029,-0.4162950597176081,0.790237158062562,0.07145775959700813,1624111461025537
0.09822195873294648,-0.18730760246898442,0.8961494451760101,0.3901082936707619,1624111461851992
