-154.9827936472975,49.87205980911836,-152.22170643396058,1624199304835662
-154.03526033492167,49.19287223620041,-151.1283253288378,1624199304843640
-151.68735770408367,47.10193313308852,-148.3135795330728,1624199304866606
-152.2707017044764,47.72579729570378,-148.41724199791307,1624199304873587
-152.81917945188223,48.357714865539016,-148.49737368622465,1624199304880568
-151.29311009997855,46.98537447687347,-146.65350615051454,1624199304895501
-154.63294933653825,49.41424278294606,-147.68939253471117,1624199304925421
-153.7403586796936,48.70491237260849,-146.62371096270564,1624199304933400
-152.96680826675907,47.95005546139192,-145.64995352461162,1624199304941378
-152.27800097209584,46.38410443106628,-144.3906946516818,1624199304956351
-152.56076500054442,47.02111222297449,-144.24153080909406,1624199304963322
-152.40756444051536,47.691567571750184,-143.7191084671757,1624199304971299
-152.63004123535163,47.00270941709274,-143.5229967367583,1624199304978280
-152.2285238123634,47.59313644462516,-142.81155445288903,1624199304986259
-152.67376279937824,46.97316816378393,-142.77648518087537,1624199304993239
-152.5511240043467,47.55762964137806,-142.32002454584315,1624199305000220
-152.93449373376285,46.80700068209887,-142.18482621168238,1624199305008200
-152.3885216150985,47.99416973314921,-140.99064512462127,1624199305023160
-152.68941597116367,47.21956655680572,-140.79504311956276,1624199305031139
-152.79812969739265,46.504937283884345,-140.50628646169102,1624199305038147
-152.58776965079244,47.158358065870274,-139.92648252380806,1624199305046099
-152.45359974098162,46.416855298278364,-139.45729895643143,1624199305053080
-152.4636702327381,47.11983318115571,-139.032854096136,1624199305061059
-152.3774326253618,46.382107340216734,-138.59145791238393,1624199305068040
-152.25094137895144,47.06106314293489,-138.0593001378308,1624199305076019
-153.39394084423887,41.18039160253057,-135.64685629547307,1624199305135887
-153.33799135458344,41.86076693449245,-135.16501137377642,1624199305143869
-153.10191215327202,43.73769758323617,-133.76205470388243,1624199305165778
-152.94281390987314,44.406448479566166,-133.16599136892413,1624199305173757
-152.70687100577373,45.69160917502045,-132.0752269086633,1624199305188745
-153.45942935420203,46.099160621064385,-132.2438941858511,1624199305194733
-154.28867336676083,45.46465302964211,-132.28372211565934,1624199305203711
-153.76555592837263,45.932132417371754,-131.47702387559184,1624199305210658
-152.70714932811316,45.836606225899274,-130.28448257084537,1624199305217641
-153.45955491083396,45.80169992251576,-130.51749556452341,1624199305222627
-154.91995053311982,45.41596106593956,-130.8888822106411,1624199305233598
-154.03295291333137,45.62875038260076,-129.82434028533103,1624199305240579
-152.90995994082866,45.72300286734166,-128.52883131058866,1624199305248557
-153.89442405147122,45.54564660332707,-128.80743684612827,1624199305255538
-155.10347234005414,45.49968427499154,-129.1847677492212,1624199305263547
-153.93080226455962,45.48972183356043,-127.8656928133847,1624199305271507
-155.01116075219815,45.55445183401664,-128.22039523102072,1624199305278478
-153.80364475965007,45.38528930446073,-126.88430707362488,1624199305286456
-154.8665357639733,45.3648322904762,-127.230213728893,1624199305293438
-153.67402144491658,45.224624233079275,-125.91251486884194,1624199305301416
-155.79221803727674,45.13984607907321,-126.60122502461,1624199305315379
-154.64579116681625,45.13630883965318,-125.31848568730227,1624199305323357
-151.52991677581286,45.14811681383571,-121.8058912542433,1624199305345330
-152.76511840304232,45.1167262995841,-122.21496641811805,1624199305353309
-155.11307230489183,45.18086087997765,-123.00780328362713,1624199305368237
-154.03252352687656,45.26932370772782,-121.77420603549415,1624199305376215
-153.23213955146466,45.529136206415636,-120.7979416777526,1624199305383197
-154.09936311553892,45.03098092267073,-120.95316565071298,1624199305391203
-152.32079318304838,45.520541970610715,-118.81286775207114,1624199305406168
-153.1767764543115,45.161812573043214,-119.01605134259977,1624199305413147
-154.68870386117877,43.23450926755444,-118.74040617570104,1624199305436056
-154.28005068886364,43.736264519419976,-118.03910320508135,1624199305443038
-153.35168430851553,44.90449487738277,-116.41643883262509,1624199305458994
-153.21929125931462,44.17044878978268,-115.89170830878346,1624199305465976
-153.4959845745593,44.915434852961866,-115.58422531707535,1624199305473962
-153.6374893364527,44.21995441377158,-115.24088837990976,1624199305480935
-153.7225307197735,45.595027287622244,-114.33329679746552,1624199305495896
-153.8086029101202,44.78682677100342,-113.88180331951726,1624199305503874
-154.98029126831284,43.74725514383899,-113.80491128934382,1624199305517837
-154.7035998470248,44.414678170823635,-113.09530440238079,1624199305525815
-155.59836906980544,46.49706212780288,-112.30961527702208,1624199305547790
-155.43010965952297,45.68208814001916,-111.68630888223821,1624199305555735
-155.4169800433723,44.175278870462165,-110.74188722026479,1624199305570696
-155.96228106459097,44.91466645107613,-110.6301825179711,1624199305578675
-155.79550625819186,44.20269032713712,-110.08849261517543,1624199305585656
-156.20963601498377,44.960367095450025,-109.90528705231276,1624199305593649
-155.97935028239368,44.25338675626044,-109.34012125630016,1624199305600615
-156.51898841904728,44.99936588943032,-109.26463267671713,1624199305608594
-156.33212227612088,44.18847443725002,-108.68090868180566,1624199305616573
-157.05420550272157,45.516311321162824,-108.40861904906123,1624199305630536
-156.64005845843704,44.005396067156326,-107.3055597822236,1624199305645497
-156.87539049738655,44.665087969018906,-107.09757587047898,1624199305652477
-157.74167173004764,44.271370444350396,-107.3493459436076,1624199305659458
-157.18658923180428,44.576585105283144,-106.66037965468732,1624199305665443
-155.0412006492045,44.53125577891969,-104.38193302440443,1624199305681430
-156.49941689407507,44.43722429863248,-104.98312112981206,1624199305690408
-157.6495224483045,44.134255191322346,-105.42014332491762,1624199305698354
-153.65192137919846,43.95133380914619,-101.26472892138393,1624199305728274
-157.38667151819,43.82999373008766,-102.85901041162434,1624199305751213
-152.9554962317137,41.617174724802446,-98.26595459403947,1624199305788114
-153.81058161163187,41.984578352306535,-98.58071579220234,1624199305794099
-155.00487888542966,42.44673410813599,-99.0308637444425,1624199305802077
-156.41727737801594,42.90849191105615,-99.58547640102456,1624199305811053
-157.5563641261768,43.22976728089068,-100.0456200577857,1624199305818034
-158.83402601786938,43.66309842600797,-100.55713337530177,1624199305826013
-158.3801719965262,43.039207713041975,-99.92077616311387,1624199305832994
-160.1193733791686,44.473626409732724,-100.37747309167679,1624199305848951
-159.5268329652023,43.9145724946917,-99.63630274501061,1624199305855933
-157.3895945288537,42.36859381924629,-97.14602486467632,1624199305877874
-159.420632010673,43.53127097757928,-97.83101347855158,1624199305892834
-158.4130426569161,43.31646844629385,-96.76192084492773,1624199305900813
-159.61779704343175,43.515577731637904,-97.26262614981975,1624199305907794
-160.98273510544718,43.7522698216183,-97.83145201721227,1624199305915773
-160.06268564568583,43.72551956826938,-96.86758508128317,1624199305922754
-162.56471842313667,43.62717579809639,-97.89977889920397,1624199305937715
-161.52453328446498,43.67863240104201,-96.8082971912845,1624199305945693
-160.4608349483368,43.65114819220589,-95.7005112117199,1624199305953671
-162.82022949832222,43.64897837485198,-96.68327607598307,1624199305967634
-160.6761095395314,43.58195883835153,-94.46246781492269,1624199305983591
-162.04059917170738,43.64855810650534,-95.0386099820687,1624199305991570
-163.23784617235816,43.711211930820006,-95.54966804082525,1624199305998551
-164.53691931026574,43.56648160966852,-96.09709250318417,1624199306006529
-162.81091197694656,43.941323640163766,-94.29796271372953,1624199306020522
-167.3992858333791,43.26584135400599,-96.25310789063809,1624199306049444
-166.29934445355886,43.52542673602932,-95.12659117790628,1624199306058418
-165.54810679484478,43.850274722223176,-94.33470478889069,1624199306065373
-168.049308034305,44.4417233866952,-95.5552001298242,1624199306080332
-166.95514336072503,44.171123546616755,-94.53810299158845,1624199306088312
-165.94678282486606,43.76912318042194,-93.59841815767928,1624199306096289
-168.1759642833942,44.67179794436978,-94.74931322485791,1624199306111250
-167.31490682614032,44.282001174065755,-93.96853159819531,1624199306118231
-168.5514838140408,43.14471537454921,-94.47204209825702,1624199306133191
-168.32009803342766,43.88086264549398,-94.15638810426496,1624199306141171
-168.66050523656924,46.86823651773638,-93.86247462864584,1624199306171090
-168.65864395372014,46.144244424433836,-93.74726180895969,1624199306179069
-168.63257569854534,45.51049904443868,-93.64057645213651,1624199306186050
-168.61278708958045,44.87626226192381,-93.57087751175725,1624199306193031
-168.83950235012932,44.1712759079388,-93.68052006859669,1624199306201010
-168.98364317553546,45.65225608104635,-93.71761745690989,1624199306215970
-169.02326988542112,44.92995018760187,-93.72499003428086,1624199306223949
-168.9079882129451,44.29637016882594,-93.63905492090309,1624199306230930
-166.89025397768057,44.628945247275794,-92.25975361141555,1624199306244893
-169.126173164416,44.05602310496824,-93.87821117324435,1624199306260850
-167.9424802351301,44.165872628043786,-93.09160080529686,1624199306268828
-166.91344120330808,43.95127414194003,-92.41393444276699,1624199306275810
-167.6605280197105,44.64664160720521,-92.9958032764642,1624199306283789
-167.11255521060747,44.05772057239009,-92.66974883722938,1624199306290769
-167.92603637872034,44.58820083745769,-93.30020165370705,1624199306297752
-166.33493346140966,43.365234415781565,-92.34720896753268,1624199306313709
-167.045741482834,43.941504725147624,-92.90901171347787,1624199306320690
-168.70819511629068,45.25744289825645,-94.24875168506739,1624199306336648
-166.36475595419572,43.64973633802055,-92.86904431998258,1624199306358588
-168.087406908673,44.80607964155286,-94.26056824135689,1624199306373548
-167.36347889926003,44.27796064755099,-93.85102413788123,1624199306380531
-166.2642437772617,43.86698922580824,-93.21086570575127,1624199306388509
-165.2098622472109,43.86598842124322,-92.5885274866083,1624199306395489
-166.37194503000444,43.6508663201926,-93.51248327753945,1624199306403469
-164.2478555156598,43.948661443128636,-92.26310400590147,1624199306418428
-165.2937388918878,43.792989462022014,-93.08656090169796,1624199306425410
-161.4029848124923,46.128089467967214,-90.86679340172036,1624199306463309
-162.32962619738626,45.64448570854514,-91.63778282082262,1624199306471301
-164.18112808947768,44.69847160854681,-93.15750181958768,1624199306487262
-165.08905533469306,44.61510990043567,-93.87791395788544,1624199306493229
-169.19530326183096,44.64173832091836,-97.23509523410681,1624199306520156
-168.05061929329773,44.617277368898236,-96.56487085959454,1624199306527138
-169.09654717576447,44.57580530898715,-97.44412262866797,1624199306534119
-168.1174949942917,44.6065759229077,-96.89137592018014,1624199306540104
-172.31305838193484,44.54233585308177,-100.50669874526444,1624199306568043
-171.00598306120804,44.57803562112962,-99.79592516842251,1624199306576007
-169.698455132967,44.61159986250698,-99.0981753937944,1624199306583986
-167.43048520459737,44.73205298199492,-97.96397177339291,1624199306597949
-168.5743086342356,45.09683047763469,-99.04951819049934,1624199306605927
-166.1986281852215,44.57282240758116,-97.92494825057291,1624199306620887
-167.35041306341463,44.92900157115614,-99.05678082183346,1624199306628866
-165.19198541214712,44.378350271294536,-98.12029376539799,1624199306642829
-166.39806363015367,44.63534817220665,-99.31054509468498,1624199306650807
-164.1068848224943,44.09110167643,-98.36385260481492,1624199306665767
-165.09968320829532,44.46526813380155,-99.36636269023526,1624199306672749
-163.9469321339913,44.0894879229707,-98.9165836314544,1624199306680726
-164.035821718708,44.896059491171904,-99.33402495572092,1624199306688706
-163.48752260401565,44.3024788170391,-99.25544291168195,1624199306695689
-162.92008243475937,44.97342457490738,-99.20485356926469,1624199306703666
-163.30392395688386,44.429023717541035,-99.77205685450808,1624199306710647
-163.01256519742887,45.18469835743192,-99.90463495281702,1624199306718626
-163.76714788826143,44.69785019382226,-100.76871058334393,1624199306726605
-163.0477944080327,45.17330265219478,-100.55182007821082,1624199306733585
-164.30848366159987,45.351362247043376,-101.77930672460012,1624199306741564
-161.46719302533978,46.47309749130344,-100.66404096992393,1624199306763506
-163.54459362308324,46.043195055861595,-102.78879292376354,1624199306778465
-165.8376929404397,45.90629229018558,-105.0790805346958,1624199306793425
-164.26072968799798,46.97866242783385,-104.65483633636148,1624199306808385
-165.53714938375822,46.018373577690554,-106.32661232167885,1624199306823345
-164.24913729039167,45.929081175182816,-105.8179783985558,1624199306831326
-165.1142755479388,46.48588138495783,-106.81439393244565,1624199306838305
-160.378297232661,45.89464539572629,-105.00616763903427,1624199306868226
-161.64048222210027,46.26708346315921,-106.34841294011456,1624199306876205
-162.7671832043368,46.56430445065077,-107.54912576912905,1624199306883185
-164.07352127080222,46.68331773476861,-108.96703872347982,1624199306891165
-165.55116254728458,45.810597345454546,-110.91905246709909,1624199306906124
-164.0183474489762,46.87206529330432,-110.72009479826967,1624199306921084
-163.93951880480284,46.26317062845163,-111.08485845136767,1624199306928066
-164.1647644471451,47.07634836238779,-111.74043980775647,1624199306936045
-165.07371374580543,48.57167999972423,-113.35234366109864,1624199306951020
-163.89646879328205,46.714892643085236,-113.84468803543027,1624199306972946
-164.97423071848675,48.302245656997734,-115.65674561107004,1624199306988902
-164.71869419560818,47.787681994788954,-115.84893225061938,1624199306994888
-164.53018009509555,47.09838865055702,-116.22931461408423,1624199307002866
-164.1150113251314,45.88265400108745,-116.85640290649768,1624199307016828
-164.29203879855055,46.48923617098863,-117.38884084945101,1624199307022812
-164.468591446186,47.091410651206424,-117.9248801538591,1624199307028797
-164.40460238696457,48.270684081850675,-118.69993137696426,1624199307040764
-164.3681648643598,47.56051738892423,-119.21702342173916,1624199307048744
-163.24911596416297,47.61562493572371,-118.87113706341789,1624199307055724
-164.58742620704973,47.67244444166554,-120.4072378924823,1624199307063702
-163.4551069438044,47.60824060423655,-120.05153587943902,1624199307070684
-164.39965048627153,47.188954360099935,-121.29223622559,1624199307078663
-163.37610982722185,47.571828582428495,-121.0871920729199,1624199307086642
-161.24234174414627,47.05743850644875,-120.46920982700367,1624199307100605
-164.58148590861907,48.17344196075321,-124.33936814333602,1624199307121548
-163.66678475524972,47.9452932421538,-124.05409086605741,1624199307127532
-160.8068954291501,47.6266345639828,-123.11959760052719,1624199307145520
-162.17499254016548,47.825313230180356,-124.65097144115487,1624199307153491
-163.55056990850457,47.9713320937846,-126.1882504777566,1624199307161441
-160.12278776993233,48.23819466983223,-125.06060292054191,1624199307183414
-161.45574317928867,48.21687308813433,-126.56175080528995,1624199307191393
-162.64236017019022,48.239092042934814,-127.88832645324075,1624199307198375
-163.0016567561387,49.04583112562635,-128.65033253101166,1624199307206322
-162.8375104712939,48.44267796216741,-128.95179682711807,1624199307213303
-161.96569747688255,47.293600907756954,-129.1481845371332,1624199307227299
-162.5222364683773,47.990560765044144,-129.97761781180554,1624199307234247
-162.0055384102574,48.476050827459105,-129.9494848067312,1624199307240231
-162.95720051926392,47.16816268975766,-131.69924372225788,1624199307258215
-161.2258361754538,49.18558120769078,-131.7613008057023,1624199307281153
-161.76803190159455,48.63876650443507,-132.62316133151617,1624199307289129
-162.36676143618445,48.20754507876276,-133.45307644849362,1624199307296113
-163.70651567322776,48.41854552993229,-134.88409907519494,1624199307304092
-161.24362788408064,48.61141391358618,-133.84826516740975,1624199307319020
-162.38577096395548,48.616767507844976,-135.07893784961828,1624199307326002
-163.492729544163,48.54261002230506,-136.28333013662584,1624199307332983
-164.7232203555522,48.389943830142435,-137.63285084007688,1624199307340962
-162.61211649037853,49.06767167708678,-136.8613075350403,1624199307355954
-163.76559503621837,48.82141481167371,-138.15712971502745,1624199307363900
-166.08728252408142,49.48698966307574,-140.66763096395673,1624199307377863
-164.76842212112535,49.2732066026419,-140.09934530408262,1624199307385841
-163.43848782836233,49.3258328770142,-139.52781080322572,1624199307393852
-165.97231814132712,49.985785209825856,-142.27970491390477,1624199307408780
-164.82629196167565,49.75298248035882,-141.79082392102916,1624199307415762
-163.56053384718143,49.4273286630587,-141.2727902992977,1624199307423740
-164.67893327977598,49.29491898763423,-142.5149230888448,1624199307430722
-162.19988127246242,49.43830191657463,-141.48893689105714,1624199307445714
-163.53499086274635,49.38987436307776,-142.9536595200432,1624199307453661
-164.6174426416058,49.207215657778015,-144.1711882142701,1624199307460642
-157.46144092777607,50.227327614011294,-141.31048702397533,1624199307505521
-158.77918703079655,50.126960524137516,-142.7712914390252,1624199307513503
-159.92348078211947,50.017204756104654,-144.04017905681263,1624199307520482
-161.02922281379506,49.67667660524363,-145.30077230171648,1624199307528460
-161.85546267523554,49.284851122183234,-146.2847612577074,1624199307535442
-162.43815058569893,48.67673211379049,-147.12113455144876,1624199307543420
-161.79051928684908,49.160405563791734,-146.97421725139893,1624199307550403
-162.866693261739,48.125788974299034,-148.43585060184887,1624199307564365
-162.18178097425127,48.81019803078584,-148.3376312435105,1624199307573340
-160.90350375520578,50.75633617538776,-148.39843675462652,1624199307596280
-161.3487540597963,50.19908473365595,-149.0511394533095,1624199307603260
-161.9472896003878,49.69937448453161,-149.802080226676,1624199307610242
-163.04555623212477,49.37636813657497,-150.9464487729729,1624199307618220
-161.7823419389174,49.57063141615498,-150.2895371986813,1624199307626199
-162.9303486498656,49.30317490264064,-151.455157625515,1624199307634177
-161.8408256009826,49.49973243512586,-150.8804448623843,1624199307641159
-163.10055936955592,49.372102120215594,-152.11797347322883,1624199307649139
-161.98648136867953,49.54732476279363,-151.51457985741658,1624199307656119
-165.26765716780184,49.20006333604739,-154.7186951355891,1624199307677063
-163.834458406395,49.436173714943656,-153.9404720580606,1624199307686039
-163.48140047737687,50.133767250108306,-153.9467559169157,1624199307694018
-164.28879377595695,49.735954169423245,-154.8110603881487,1624199307701025
-168.02642845251222,50.13362955125717,-158.47550168445335,1624199307722971
-166.60633773809948,49.97627510731948,-157.68563957757084,1624199307730950
-163.97236609753702,49.64675010746176,-156.2467266672689,1624199307745913
-165.17830228813995,49.40085384475315,-157.48376692247044,1624199307753857
-162.74865229085498,49.67052300649414,-156.25143992469754,1624199307768818
-166.10599022096443,49.012542880583055,-159.7170567818778,1624199307790759
-165.19378288220074,49.17317498259889,-159.28500771723023,1624199307796744
-162.8083254882959,49.64443509509578,-158.19990055421297,1624199307812700
-165.09488426686943,49.3449812801215,-160.58291937733355,1624199307826663
-163.11577429974713,49.661204820270896,-159.69846142189346,1624199307839628
-164.41241379273475,49.454916832935524,-161.07066245924221,1624199307847639
-164.5200854732089,49.00220465667846,-161.39521704326276,1624199307852626
-164.0830332171064,51.55129771646628,-162.46456344107617,1624199307880535
-164.60386809052332,49.492188870231125,-163.99686298420679,1624199307903458
-157.17524135336205,48.89491402061231,-160.64191547160507,1624199307948338
-161.20066935101462,49.33232631765198,-164.8988935528499,1624199307971276
-166.50185516976683,49.51395577236123,-170.56742315433453,1624199308001196
-165.3311455760927,49.7613792046354,-170.16556511559682,1624199308009175
-167.73977636060624,50.3920029518666,-172.91074265633804,1624199308023137
-166.4813035482814,50.05560590810276,-172.48645465694145,1624199308031149
-165.3796220572059,49.79096680610028,-172.11985271979026,1624199308038098
-161.97618938545224,48.68402751328911,-171.1380298587017,1624199308061036
-164.4289530116323,49.489053579822695,-174.04254242339084,1624199308075996
-169.84655907895896,50.346118351974845,179.7036161301798,1624199308105915
-168.53216752185745,50.121757459413494,-179.8516462147553,1624199308113894
-167.38975087635046,49.91364421453783,-179.47158496854877,1624199308120876
-164.9556693492749,49.42887685824332,-178.67343055940455,1624199308135836
177.16055529292757,52.11511813496343,160.4801743985856,1624199308233575
179.79504705304393,51.72378084680614,161.51133526291827,1624199308248535
-172.17840233668167,50.748931974062614,164.50706914737157,1624199308293415
-145.91510816268323,47.90445277274349,173.8042004027391,1624199308443015
-151.78832123042883,49.57037068015048,166.876025229049,1624199308480913
-152.92678846174067,49.704036903568365,165.57300433522303,1624199308487894
-157.7580579148326,50.197732851596285,160.58681232334033,1624199308517815
-159.08777878139333,50.27550587908545,159.24644181181486,1624199308525794
-161.5906103643408,50.352057612928945,156.73816375201224,1624199308540753
-160.2672672618916,50.47311970616709,157.4691125141995,1624199308548734
-161.29396787836782,50.24593842589769,156.44231020266022,1624199308555713
-158.84947523645366,50.52228735570021,157.85089205405478,1624199308570673
-160.92893099784789,49.825421970724186,155.7779057948414,1624199308586630
-147.6801732866629,52.16598762336398,163.66970153960173,1624199308668412
-149.941835628982,51.861449298711804,161.52504390017003,1624199308683372
-155.18341353751273,50.86308021434088,156.68741705682567,1624199308720309
-157.70302027688334,50.81561273085661,154.60866587836153,1624199308736230
-158.96716949156436,50.76776129380708,153.572440090042,1624199308744210
-160.6216434738746,50.09574165070927,152.22121417187032,1624199308758171
-158.501646997168,50.76658664217182,153.79125489591308,1624199308773132
-159.18219820770858,50.44794130068476,153.24364905508057,1624199308779116
-159.26284944080786,51.97493364828906,153.13789960917885,1624199308795073
-159.26168355012163,51.2439218132443,153.11974338665405,1624199308803052
-159.35781236306715,50.7983964744838,153.03458393784447,1624199308808039
-159.07522425398304,49.853835783620426,153.23612750445807,1624199308818012
-159.03495718336842,57.05564198633482,153.17534022175798,1624199308892844
-158.7332068507528,52.79715570155,153.38636607729845,1624199308938689
-158.60976018989592,52.13141938467827,153.48590759811506,1624199308945670
-158.2681502766212,51.164421858404346,153.85152127240494,1624199308955644
-158.58297779412158,50.66479049217993,153.6905685937815,1624199308961628
-164.02061496617708,46.945067665949566,150.39598167116182,1624199309020502
-163.37888581265537,47.410384805716305,150.96681987156157,1624199309027452
-162.8375394157897,47.816113029867346,151.45157296971118,1624199309033436
-160.40493731491642,49.42853670026723,153.60638959684596,1624199309058369
-159.6206301688373,49.939145042618215,154.30545440702983,1624199309066348
-158.5630729717797,50.1375316614885,155.20317692072533,1624199309073329
-158.0923112107479,49.45511463559429,155.65055160820248,1624199309080311
-156.82959531624766,48.996546604577375,156.70942521578067,1624199309088289
-158.89797208068134,49.947448047839025,155.33474362210436,1624199309103249
-157.69115477483524,49.419057837033215,156.36320065734955,1624199309111228
-155.25241246167,48.68176555929173,158.4142296435057,1624199309126187
-156.46086770325383,49.07324109233881,157.61751829157186,1624199309134167
-160.62772348239523,50.80661014218556,154.86395666331563,1624199309163089
-157.02729814058944,49.3769136307891,157.98455015926822,1624199309186027
-156.53397337539633,50.659524571187724,158.6072310644228,1624199309200989
-155.18482930376572,48.51874693900446,160.0883936172729,1624199309222929
-155.40271335779425,49.08526247344454,160.07490845301214,1624199309228913
-156.58398120986493,49.69906061249046,159.4234052526524,1624199309237889
-155.98536280979764,48.93444906455156,160.1088190895584,1624199309245867
-156.5714321446457,49.550634023676174,159.8747203432746,1624199309252848
-155.9896482703566,48.78343492956098,160.5673428806232,1624199309260827
-156.3571906353738,49.436521160819936,160.5121319143492,1624199309267808
-155.40000473795934,48.759142164952586,161.4961684211408,1624199309275787
-156.74937061012966,50.06478343570207,160.979572385806,1624199309290747
-149.50227588426915,42.555779931563066,169.00754976179962,1624199309372529
-150.11591720602834,43.25838750564455,168.8761436642677,1624199309380508
-151.79981748667575,45.09821515792422,168.49269411548886,1624199309401477
-178.63180677006514,60.144152686598254,155.6887767610833,1624199309605904
-169.74592809006216,57.3403464973376,165.0404585096647,1624199309650817
-159.86165148572996,51.75976543815809,175.73024395735342,1624199309718616
-158.96604857874206,51.141711731042086,176.74623825834973,1624199309725585
-153.3389841709374,47.15481616608307,-176.80220401847654,1624199309771488
-152.49640770596656,46.74195481973323,-175.8628607042975,1624199309777446
-146.72514462095677,43.1371547484123,-169.23539993162663,1624199309823324
-148.58359016108665,44.076148013876505,-169.6536012041632,1624199309838283
-154.34969837342842,46.879672780566445,-171.16776857591773,1624199309883163
-152.29936601759945,46.443006279570895,-168.86464724945284,1624199309896129
-161.76797551495144,44.87465155179347,-171.58105238054893,1624199309965968
-160.82091148017105,45.06274032053633,-170.49011290060653,1624199309972950
-159.7218268851473,45.242859794237106,-169.23181817831937,1624199309980902
-156.68514536240545,45.94337357140825,-165.91316895434707,1624199310003840
-154.57539063250354,46.20234852242202,-163.67000320273843,1624199310018802
-155.20647560306472,44.83316080736167,-163.42461435231698,1624199310033810
-154.4901687387809,45.16816144420756,-162.60367467693868,1624199310040773
-152.62239530834466,45.58369366019414,-160.607004244438,1624199310055702
-153.63872907948652,45.23459528000965,-160.9808995513209,1624199310063681
-151.82830889935977,45.734559153703415,-159.02866735443462,1624199310078641
-152.7840879110793,45.33591999962259,-159.36458946208722,1624199310086619
-152.81269002879242,44.63380966691589,-159.07994272476702,1624199310093601
-152.3805838040861,45.151217399289344,-158.46118430799098,1624199310100582
-152.57415323365285,44.382554004771265,-158.2362457448403,1624199310108560
-152.15150559200262,45.6918958702336,-157.23942863414663,1624199310123520
-152.36613847395742,44.931195523241044,-157.01799389610855,1624199310131500
-151.39678282257984,45.936192222550055,-155.65278868725994,1624199310145462
-152.72675132017764,44.776342132942396,-155.81478738376572,1624199310161419
-151.0709757165611,46.31669104738205,-153.51041925283468,1624199310183360
-151.80511658813057,45.77001039464015,-153.62368837918876,1624199310191339
-153.00366985951604,44.77948848470827,-153.729391117552,1624199310205301
-155.54961697295244,45.41495369723392,-154.64465010250834,1624199310221259
-154.57612527151443,45.152922721531944,-153.5586205626721,1624199310228241
-153.49325089353468,44.8076219911013,-152.3371935156852,1624199310236219
-155.92042648542932,44.97521937070357,-153.19735983254955,1624199310251180
-152.86289143991752,44.75357144916423,-149.76822944099695,1624199310273120
-154.15759003347304,44.81287648498899,-150.22082785085385,1624199310281099
-156.09591335375663,46.89821907957593,-150.3254004257119,1624199310303041
-155.4967758351189,46.16133355117953,-149.42147510140737,1624199310311019
-154.9135111992924,45.41820268315585,-148.53340050227752,1624199310318998
-154.0584194554563,43.968091059800585,-147.04642162528242,1624199310333958
-154.51428582522917,44.636771726453354,-146.9476745224339,1624199310340939
-156.2250709173094,46.718453953782515,-146.8445518210201,1624199310362880
-155.83457647314572,46.146420341568586,-146.1999708972089,1624199310368866
-155.23133382037486,45.18564286417037,-145.16548337626048,1624199310378838
-155.4592603679598,43.84465664993455,-144.47888086537174,1624199310392829
-155.34131654947524,44.567356213697124,-143.90793782211273,1624199310400781
-154.11650716128898,45.65752859308887,-142.02824179536833,1624199310416736
-154.40716130334593,45.1224313114297,-141.84477207159577,1624199310422748
-159.0999103639482,44.86973980286916,-143.05241616208966,1624199310453670
-153.8750288276326,45.21753188762075,-136.74535943871612,1624199310490538
-156.12101264197668,45.02909307855859,-137.29536262745978,1624199310505499
-155.10011095987034,44.9559876774021,-136.074398537088,1624199310512480
-154.3854059687319,44.91565866389084,-135.1912042461683,1624199310517467
-157.252168657542,45.282304106577534,-135.85019663605263,1624199310535420
-155.93275997313722,45.13359268704548,-134.21445984920754,1624199310544395
-153.90540948553203,45.02211863129745,-131.67854140025133,1624199310558358
-157.51722965113845,45.30623144183476,-132.4211611797992,1624199310581296
-156.4777151021336,45.22471180640396,-131.11738681415946,1624199310588278
-155.3009628564274,45.01474501481246,-129.61704435190615,1624199310596256
-153.50865677945882,45.56153739564397,-127.02640828805811,1624199310611243
-155.59424806503375,45.10490297335804,-127.20570815083578,1624199310626176
-155.60504309259855,45.84787357630086,-126.50352324832211,1624199310634155
-157.37873014706435,45.26925786468314,-126.53829628467918,1624199310648117
-156.60329627051627,45.75225153499756,-125.27148187803299,1624199310656096
-157.37240681158832,45.36534264897727,-125.20014835881099,1624199310663078
-152.43499223459906,46.66071222250063,-118.16834637615868,1624199310700976
-153.51657299476108,46.35780128983249,-118.23786979913378,1624199310708954
-154.48546182787715,46.117975633589964,-118.31102540174294,1624199310715936
-156.79471029061347,45.97361314451072,-118.70650843461927,1624199310730897
-157.88459141464656,45.93772453391244,-118.90765333379534,1624199310737878
-162.76389582768036,46.04776829844298,-119.85572588423246,1624199310768796
-158.27750219080212,45.99718715194097,-114.28863828607011,1624199310797718
-159.70188507423174,45.97366909377181,-114.61206433963592,1624199310806694
-160.7336350913857,45.77560880392203,-114.86007164383463,1624199310813674
-163.24062369899116,46.183475478638144,-115.73891145094944,1624199310828635
-162.19352477250422,46.021302012396625,-114.56681581763699,1624199310835617
-161.01047511167516,45.81997633852524,-113.25678556577085,1624199310843595
-159.84615742605922,45.60115153150999,-111.99352353551785,1624199310851574
-162.17238004753713,46.12056015498364,-112.93647173294069,1624199310865546
-159.85688627819022,45.6188362662486,-110.46461601958991,1624199310881505
-163.2258063169822,46.91657738235449,-111.82115611508621,1624199310903436
-161.1779613483804,46.140404190724006,-109.61737156574337,1624199310918396
-160.2161190899495,45.79365879182907,-108.60601889480846,1624199310925376
-159.1034451820854,45.40801641755509,-107.45868547547666,1624199310933354
-158.5603167725877,44.78054282989319,-106.76787339323832,1624199310940336
-162.012494426425,47.25963188404022,-107.92888352294888,1624199310970256
-159.696221531848,45.40271747266513,-105.24822670178123,1624199310993195
-159.39433696582654,44.641941048214406,-104.6848964709429,1624199311001175
-160.74276615783728,46.02184619089811,-104.98471858810807,1624199311016134
-160.60473201633988,45.373550124779676,-104.58751295018247,1624199311023114
-164.835631795136,46.808022224264946,-106.5847513313853,1624199311050043
-162.3952224667407,46.10945557041462,-104.16927396767014,1624199311066998
-161.48691476727996,45.72551891888865,-103.25558412955529,1624199311073979
-162.4932690179198,45.891697749999835,-103.75797002116812,1624199311079963
-158.69872388628275,45.194077641386826,-100.11622850404369,1624199311105920
-163.71847209234255,46.0031413700715,-102.65610616478487,1624199311135814
-162.5464264093813,45.803539646348135,-101.54021357511799,1624199311143792
-161.56548088868388,45.51892897111883,-100.60343240530041,1624199311150774
-158.30227999709632,44.740108502313156,-97.42993597977619,1624199311173713
-160.7210558936409,45.37298492267126,-98.5721592012285,1624199311188701
-158.5448374990683,45.12969266059123,-96.44369892756175,1624199311203664
-159.6983655760485,45.31929739593208,-96.99619677012826,1624199311210644
-163.1091960454829,45.91862107178013,-98.73713336388083,1624199311231584
-164.24949833846233,46.11457483919839,-99.34162217393734,1624199311238567
-165.3903559631626,46.27809461111149,-99.96939010607746,1624199311245520
-166.3817819456415,46.38377743101307,-100.53532790802825,1624199311251535
-168.34224132255522,46.65769330929722,-101.69480691806474,1624199311263471
-167.20103647040906,46.56608245376229,-100.7318049930466,1624199311270490
-166.03438524548199,46.792603320269876,-99.75541704672128,1624199311278432
-170.27911825092784,45.689610495961475,-102.43061858524976,1624199311308352
-167.34763848152704,46.391169321228354,-100.14758965779622,1624199311329296
-164.8951160674242,46.84500213977988,-98.26231928150251,1624199311346250
-164.50801522884137,46.11533642813914,-97.98877171859456,1624199311354229
-164.50448677059714,47.44958400200283,-98.03490487762151,1624199311368192
-164.43126383663062,46.7105465981916,-98.0304072744264,1624199311376170
-164.27996419249112,46.06394934623317,-97.97005973781033,1624199311383153
-166.05397018346352,47.271881650088055,-99.39251683170254,1624199311398111
-165.19527994842014,46.6761329787879,-98.84162803754599,1624199311406090
-164.29406549659984,46.2476685216525,-98.26310857483215,1624199311413071
-165.24098632697337,46.88373936255829,-99.05529176249149,1624199311421051
-164.61410368169757,46.31467953831137,-98.70037087947244,1624199311428032
-165.5823300435287,46.93880877615797,-99.53124047053367,1624199311436012
-164.94236488364342,46.3758833268318,-99.18719841920955,1624199311442992
-165.89960984510256,47.00587373074541,-100.03681024644159,1624199311450972
-165.30390414247984,46.43033168800913,-99.7491360976381,1624199311457952
-166.37143961464386,46.996330820853245,-100.70900366121093,1624199311465930
-164.57316866115593,45.98620590593533,-99.77587361827887,1624199311480918
-165.4307223043226,46.522183016861575,-100.58345153510777,1624199311487899
-166.44360093329078,47.11819146418123,-101.55267473472512,1624199311495877
-165.42053796086867,46.61777343569565,-101.03507201209815,1624199311503831
-165.16226928380144,47.248240404292,-101.06182369493995,1624199311510810
-165.34473181795803,46.5409974802143,-101.45324427609414,1624199311518790
-164.9446035508148,47.13362794506149,-101.40123327792645,1624199311525771
-165.84305527669198,42.55138450181131,-103.86574992960522,1624199311578630
-165.67997322436088,43.29886673003848,-104.05332312414116,1624199311586639
-165.5102361736731,43.94631157950059,-104.20405334344731,1624199311593621
-164.89251282777363,44.41957543345433,-104.04645256429949,1624199311600603
-164.11563572545987,44.91856836864157,-103.80566532191344,1624199311608577
-163.3859148191694,45.31954661407931,-103.54860502311031,1624199311615531
-160.69034835680958,46.46935884026113,-102.45720020632405,1624199311638469
-161.54198920267652,46.10728896251932,-103.3184827421643,1624199311645451
-163.41964139202204,45.24668824255351,-105.20951093057893,1624199311661408
-162.8140502672424,45.729709470487485,-105.00499867416475,1624199311668389
-160.96237926582734,47.43009322794723,-104.39504006706629,1624199311691328
-163.4544975512836,45.37216091776873,-107.05390048821707,1624199311720282
-162.78702183403377,45.94252660074534,-106.80624963261025,1624199311728261
-162.26895936041933,46.477248008618886,-106.62435997371423,1624199311735245
-163.38149522496693,46.201712738562,-107.63852366824584,1624199311743189
-164.9778914870503,44.45365236179969,-109.37683532541804,1624199311766128
-164.56871759730151,45.03499854406008,-109.2768253624158,1624199311773139
-164.2234535880624,45.736051783495334,-109.2467234911709,1624199311781117
-164.71570540962853,46.37864717818633,-109.79763929118849,1624199311788102
-164.3902999096203,45.63039938013919,-109.79037117381549,1624199311796083
-165.14274072869654,47.03915445755588,-110.77262742011895,1624199311811008
-164.81744634031784,46.28685583527351,-110.77292729330063,1624199311818986
-165.46988362970745,46.876995865516086,-111.46150455710142,1624199311825967
-166.33784699048607,45.732033118378624,-112.54909295278591,1624199311839930
-166.0823973921507,46.34157340157767,-112.60944010179985,1624199311846911
-166.09704722627993,46.98853183944965,-112.87712007453318,1624199311853895
-166.20510250316525,46.43436392352883,-113.18556823167698,1624199311859877
-166.01052081173975,47.05694715225875,-113.3269683186586,1624199311866860
-166.15926896131836,45.19567647112123,-114.26442005774634,1624199311886832
-166.04064588754233,45.736108416482644,-114.44143614191901,1624199311892817
-163.34516234376318,47.95603407618406,-114.00319274152858,1624199311923706
-163.96134146080905,47.44055291395747,-114.80486957995366,1624199311930688
-164.36531217938662,46.752871083351955,-115.51135639530753,1624199311938667
-163.47899370787587,46.28564460049322,-115.23303996816048,1624199311945648
-163.92128062573164,47.039485285566116,-115.9756237651666,1624199311953627
-163.24485758868147,46.47010029748944,-115.84792601299438,1624199311960608
-158.6469725971424,46.51669768431691,-114.08887967355878,1624199311990554
-159.96593512151128,46.52676349489775,-115.45727919536915,1624199311998533
-161.11161110771693,46.49008270154717,-116.64567608613896,1624199312005514
-162.44541521502205,46.4916105623417,-118.01349685557364,1624199312013466
-165.00791452089354,46.678385780857774,-120.6301418547015,1624199312028426
-163.7880852012308,46.63158123965274,-120.1492533842689,1624199312036405
-162.81410333003524,46.823129186478894,-119.79696366580878,1624199312043387
-164.07113509646823,46.64794798305335,-121.11863341824072,1624199312051366
-163.01670863306828,46.67901842269276,-120.70847459188353,1624199312058346
-164.136716260533,46.55979531620252,-121.87608068864041,1624199312065328
-162.9192493972394,46.47791597308182,-121.39894627846358,1624199312073306
-164.2560118875768,46.45843886844319,-122.77003390958927,1624199312081285
-162.89475073645332,46.33446424345067,-122.2367341917567,1624199312090261
-163.9135306827393,46.37386217742648,-123.27266968477163,1624199312096245
-162.72848868009703,46.44745329610233,-122.81303515969623,1624199312104225
-165.10273189946807,46.47982760778149,-125.22489843652352,1624199312118218
-163.90416135576348,46.47988958486404,-124.7497998562927,1624199312126165
-165.11165379476157,46.685293695611044,-125.97030406956749,1624199312133148
-161.87564562777467,46.07211656656652,-124.70194122386837,1624199312155089
-162.89710624777123,46.25392587273361,-125.72935025340122,1624199312161071
-164.616473580449,46.438627226827364,-127.45722628240803,1624199312171046
-163.25600919975435,44.593578436208475,-127.54040993690955,1624199312192987
-163.87785934593705,45.36355836051952,-128.3685412215141,1624199312200966
-164.4956748393109,46.12583215725281,-129.19793996083163,1624199312208944
-164.901064181527,46.800855775869174,-129.82769328817471,1624199312215925
-165.42513305082954,48.459198576595654,-131.0324583721116,1624199312232880
-165.28860507580964,47.90998049407893,-131.2128692808413,1624199312238864
-164.8765155510419,46.54777992429025,-131.60982652322406,1624199312253824
-165.1845773902868,47.22513242482461,-132.16345897663544,1624199312260821
-165.57649946862253,47.99294499416212,-132.82573892819508,1624199312268784
-165.12242092609074,45.277818878025634,-133.85837476146074,1624199312298704
-165.86219453712872,48.19348009347153,-135.8063876324326,1624199312328623
-165.631302283728,47.55189594207873,-135.95460764637735,1624199312335605
-168.1036121880739,47.34259712297696,-138.44806912179175,1624199312350565
-166.8743564025546,47.44731645623547,-137.89618140903724,1624199312358544
-165.82044580321258,47.584235254765225,-137.4249682205303,1624199312365525
-164.76803933101715,47.93445070464281,-136.987431623051,1624199312373504
-166.6291860348259,47.148272588229695,-138.98352705749295,1624199312388464
-165.57077583819566,47.500204135410584,-138.53807414040472,1624199312396474
-164.4712605381147,47.54846280702155,-138.0095246260838,1624199312403424
-165.58162296521567,47.24160015720709,-139.13558424131585,1624199312411403
-164.56144317111983,47.46633990385525,-138.6515796410699,1624199312418383
-165.52062655561798,47.19746916190784,-139.61491749804145,1624199312425365
-163.3064468348211,47.680909246073924,-138.52819747573446,1624199312440325
-164.46739561410402,47.44328988273235,-139.66475449914893,1624199312448323
-165.50993402766656,47.107231507438705,-140.70209313001453,1624199312456282
-162.12825050588188,49.084313486965804,-139.17885410320963,1624199312486203
-163.86964881002604,48.289583704895506,-140.95943498646952,1624199312501162
-164.71867677885155,47.941522243469166,-141.81043753316646,1624199312508144
-167.24844656380407,47.76021132034752,-144.1885238367821,1624199312524101
-166.55823444433054,48.261460357913556,-143.90550356243867,1624199312531083
-167.33501651304823,47.73878380710051,-144.74879456877883,1624199312539062
-167.17433826938787,48.38617839449722,-144.8748789386241,1624199312546043
-167.4053244349719,47.78045768253678,-145.29677146003766,1624199312553023
-168.4537637152367,48.3207614273952,-146.3717290665605,1624199312561002
-167.5245389343901,47.859640006938704,-145.94505360971792,1624199312567985
-168.6708455807378,48.3226833703944,-147.11119576028275,1624199312575962
-166.37290004646192,47.58531337926853,-146.00935024260195,1624199312590923
-168.63663645553657,48.33787097781041,-148.3194912523078,1624199312605882
-167.53157264028576,48.01788056259387,-147.80119237568647,1624199312612897
-168.75560033065923,48.397287247461605,-149.07328014401514,1624199312620842
-167.63187708978478,48.11742749667552,-148.57335220677814,1624199312627823
-168.96397176907743,48.34797307901107,-149.96612375183312,1624199312635803
-167.83774794171725,48.08103520927,-149.48478870259092,1624199312642784
-166.54271394839705,47.81311967518062,-148.942240869661,1624199312650762
-169.06834013020588,48.17324940518932,-151.6189120419531,1624199312665722
-167.74881505610162,47.98793182072321,-151.0698016120944,1624199312673701
-166.43497846464206,47.817341374231546,-150.53333523155484,1624199312681680
-167.45286480664623,48.2204863701433,-151.68200322280413,1624199312688661
-162.7098420012871,46.837507473139624,-149.92574802151915,1624199312719579
-165.97011442132447,47.83976016893149,-153.51869315019317,1624199312740522
-167.84862170641702,49.03220206471847,-155.83998388541235,1624199312756480
-166.95375829661035,48.53156334752665,-155.56024958882432,1624199312763461
-165.90041096359087,47.97753452013641,-155.2157302782395,1624199312771470
-164.9565473154796,47.5164057932611,-154.89543309161093,1624199312778453
-170.3927859311545,49.63162473180197,-160.97285947437365,1624199312815322
-169.22375574662314,49.14416071392719,-160.50798830536428,1624199312823301
-168.07375036747433,48.64928186443131,-160.06203976523963,1624199312831279
-167.0912891405438,48.20355398543797,-159.67773950623777,1624199312838262
-165.96490814055105,47.706227473497606,-159.23670810347838,1624199312846240
-164.80969582303726,47.24335117958131,-158.77576840046135,1624199312854219
-163.71092749080992,46.96426503478388,-158.30807017824003,1624199312861199
-164.97983432836293,47.266059837158416,-159.6185819366993,1624199312869180
-163.9692357181581,46.86493945552571,-159.21118770122797,1624199312876160
-165.19158550366583,47.23079479623401,-160.48210468334625,1624199312884138
-164.2757989796411,46.742755257936665,-160.1383847608566,1624199312891152
-168.6692699732624,48.341529360136114,-164.76639610916092,1624199312921071
-165.45851592058648,47.05042073362215,-163.38512549046052,1624199312942981
-164.3594024405076,46.53167577588918,-162.9435034926888,1624199312950959
-165.3911319033681,47.055601292663404,-164.04442083579474,1624199312958938
-163.15019592483358,46.52120264509811,-163.00314218477132,1624199312972900
-165.61593593242821,47.14238057485671,-165.47535465041605,1624199312988858
-164.65946275284946,46.89395621183204,-165.02787710515858,1624199312994842
-165.74146259480742,47.1571437394047,-166.11548377922077,1624199313001823
-164.04395121554938,46.117838370922385,-165.47737189208476,1624199313015786
-165.4855194130521,47.108082932078254,-167.08643533543048,1624199313028751
-164.42926215313932,46.73947444464657,-166.61660303046548,1624199313035732
-165.27500702045788,47.07841551013118,-167.49346604344166,1624199313041716
-160.4380741992575,46.60433940693915,-165.22292762418644,1624199313070641
-161.7077315283496,46.76461234762716,-166.49141294247812,1624199313078618
-162.9862926597153,46.88924957930892,-167.76905572552508,1624199313086596
-169.09948098483056,47.168938963841015,-173.88529376807335,1624199313124496
-167.93315658784502,47.10346079528998,-173.33609186709373,1624199313131478
-166.77054771274052,47.0198197560421,-172.7898465002229,1624199313138460
-165.45553566530523,46.851545004943866,-172.17353416616044,1624199313146438
-164.31453940701866,46.676336376161714,-171.64241523726153,1624199313153420
-165.43950061130118,46.847525744032296,-172.76110953780858,1624199313160401
-161.64629134041,46.505924254484626,-170.98906022295895,1624199313183339
-162.92154303900773,46.692138421507046,-172.25716365373333,1624199313191318
-164.04465088040405,46.81886520560747,-173.37487915075067,1624199313198300
-168.98455100557373,46.93938991834893,-178.31245118689577,1624199313229215
-166.4870564965134,46.884737183511234,-177.14352318958194,1624199313244175
-164.00879933934965,46.91849022927217,-175.9961382020442,1624199313259135
-165.1294624832034,47.06582672896809,-177.14902917562696,1624199313266116
-168.6803912778678,47.522410838792084,179.1455524843259,1624199313288061
-167.33049106714097,47.393625619439575,179.72559445370587,1624199313296036
-163.6477795495763,46.96038707603809,-178.75011841569872,1624199313317978
-173.33354858279426,47.46002095648533,170.87264132087128,1624199313377818
-165.53210911022504,46.93899233239121,173.9998350659031,1624199313423695
-162.06257461980883,47.63664413893544,175.19485142149708,1624199313446637
-173.33214491780882,40.47116558210981,160.40760922758008,1624199313566315
-172.7170538695366,40.80692998460896,160.46605167903118,1624199313572300
-166.10463627424355,44.27945672581453,161.46246849348057,1624199313633165
-164.02900525091633,44.9785960851414,162.20896472782752,1624199313649093
-162.1303129247989,45.5317253266503,162.9556405057319,1624199313663055
-161.1343936601828,45.93787942622574,163.4205094868978,1624199313671036
-159.06329904984668,46.5446830213489,164.5032591936756,1624199313686024
-168.27836268995836,43.0032526811705,156.02680213520964,1624199313767802
-167.30925133363004,43.40015079442042,156.4998281991969,1624199313775781
-166.4804212731923,43.75847940822027,156.91777002768677,1624199313782735
-165.63230089475374,44.23405821191443,157.3708499175397,1624199313790714
-163.27359184460076,45.5647640040249,158.6593149910731,1624199313812656
-162.43100104548694,46.06282634448118,159.12601842183955,1624199313820665
-160.18023164651746,47.50338533678619,160.38396510675958,1624199313842607
-161.00332150575628,47.017856805225506,159.63785410585768,1624199313850581
-162.51670312311026,46.223702882683654,158.28427997804314,1624199313864516
-162.22657902075966,47.026791580050194,158.31028137462584,1624199313873492
-162.6791922522517,46.36688440662954,157.8109944231941,1624199313881471
-161.0123598900819,48.79099125142942,158.38259565431295,1624199313910394
-162.59805191261856,46.1975879476191,156.4775094953085,1624199313941311
-161.37906514079737,47.29160360942537,156.98597468040788,1624199313956272
-161.10500573856845,45.87599482760829,156.77577651215762,1624199313971261
-160.94172271060557,46.61475360986367,156.66666775943742,1624199313979237
-156.97365643327944,47.660261267110535,158.74294394611988,1624199314008167
-162.05927801419978,46.278706791925124,153.98344171983112,1624199314046031
-158.84124211658252,47.00415636660774,155.67290403346263,1624199314069002
-159.94925983706275,46.95907659193113,154.672615969343,1624199314075977
-161.05086626868678,46.917081591600414,153.67732170295784,1624199314082933
-160.175406566719,47.39855653182919,154.10292221235997,1624199314090911
-162.52208844160677,46.155754030253306,151.81477889023574,1624199314112853
-160.7910046987797,47.12441570277672,152.64670472270546,1624199314128810
-162.44711133545576,46.301354589867735,151.05391336888587,1624199314143769
-157.33600749007812,48.99638216203812,153.66876992024396,1624199314188681
-158.15835914191285,48.62334693216632,152.87987234249235,1624199314195664
-162.31176811301344,46.51194263103681,148.9220889559429,1624199314233561
-161.49741323622857,47.00896701735251,149.32858109714783,1624199314241509
-154.44982423336938,49.166729689240704,153.35413235081612,1624199314293369
-156.56543858452048,48.6411017037254,151.47566192138012,1624199314308330
-162.39947693293544,46.763298342354005,146.34579517822047,1624199314353210
-161.38305428499706,47.11961842185844,146.9979613485713,1624199314361188
-158.57068161442194,48.156420772678786,148.882122756281,1624199314383156
-164.08661125954495,47.23640087362062,144.6869212426448,1624199314421055
-153.83974723249545,48.9240444682721,152.15739335216261,1624199314487849
-162.93613312655702,47.76026870412326,145.40737700444762,1624199314548686
-161.78279586500827,48.005923110071734,146.2939484865529,1624199314556665
-157.85374480812098,49.23714543507447,149.51759648792313,1624199314585588
-167.1445864343816,46.925300608568286,143.57917713590746,1624199314653406
-166.2104935315224,47.22587218777978,144.37231908382182,1624199314660416
-165.43068264936332,47.49619888236807,145.05730361825235,1624199314666372
-164.16910951290305,47.83680416601357,146.23381618534705,1624199314675375
-158.37006646316095,49.03706730516732,151.6814993556139,1624199314714244
-161.56208559845146,48.40810110413652,149.91403092015995,1624199314736186
-157.02188250338202,49.20907989062633,154.27964607257456,1624199314766105
-159.3451058615341,48.95235236612864,153.04092662046818,1624199314781065
-161.79470123892006,48.95237075534768,151.72057831769118,1624199314796025
-158.06298161223626,48.70282720090244,155.3270309607667,1624199314817967
-160.6742641247789,48.78016964125197,153.96755779654958,1624199314833924
-156.99032903812753,48.60325131469713,157.6269448563394,1624199314855865
-158.13733220285516,48.75939958362374,157.06151216329195,1624199314862846
-159.25975028614624,49.01249601333266,156.52619243624096,1624199314869827
-160.19237184760752,49.29911006604876,156.0971853826591,1624199314875812
-158.52394230992533,48.914820898530856,157.83488062124482,1624199314885785
-159.66073675582433,49.14974883952905,157.32327729868456,1624199314892767
-158.3005804080719,49.01536279430137,158.76514979234247,1624199314900745
-153.74732811021372,49.83417759896855,163.86437691804772,1624199314930697
-160.18113769802335,48.49550953612705,161.4988609539955,1624199314976574
-154.75904869248288,49.74933483285078,167.76602784275477,1624199315013444
-155.7759354661016,49.57330696963234,167.42239367482347,1624199315020426
-158.99636541418877,48.900692277780614,166.57850990172557,1624199315043365
-160.58850405523933,50.90427017774493,167.06764977794228,1624199315066303
-160.87843773245694,50.227594237656675,167.4186989602176,1624199315074282
-165.0569197679565,49.73649548623217,166.16787068067063,1624199315103204
-161.02370057303477,49.83007623939592,170.69097293792558,1624199315125146
-160.136078018899,50.08534925279087,171.75174106288395,1624199315131129
-161.50397016627613,49.7870662497481,171.3164495554514,1624199315141132
-157.65582471486834,50.13028334289506,175.5710496264434,1624199315163075
-159.81438584354447,49.823903472116314,174.77828088622095,1624199315178036
-160.43158831279985,49.27161572605521,174.76068246436887,1624199315185982
-153.91265160522985,48.45999329270798,-178.22657217950405,1624199315222884
-161.1188301990509,49.7156955757031,178.90022399463115,1624199315268761
-160.04576543867682,49.619345969538145,-179.9426329083613,1624199315274746
-157.54727195636502,49.41195561651489,-177.02347168098234,1624199315288708
-156.4838150318212,49.27659041860359,-175.7653483268875,1624199315294692
-154.5461754453033,48.95880371817351,-173.44961706794828,1624199315305662
-155.65707331139126,48.857808954622314,-173.65949364630023,1624199315313641
-155.37500021695186,49.51195227439499,-172.8861109427234,1624199315320624
-158.6538955148017,49.33561362401584,-173.54318749413952,1624199315343561
-156.10103695454967,49.64999265268145,-170.38402693604405,1624199315358521
-158.3747627596124,49.73863435231814,-170.91071295943672,1624199315373482
-157.16815142492854,50.0514915590773,-169.33992465858557,1624199315381459
-156.39676686398178,52.82802967906826,-166.3566480808149,1624199315410383
-156.73161150676574,51.5540408127438,-165.44951012661048,1624199315425342
-158.00695841410345,50.77609553804902,-165.51995644749033,1624199315438308
-156.28433371032293,50.36464260475874,-163.4874650862338,1624199315448282
-160.0550463495822,51.277083397502956,-164.83036511886343,1624199315471220
-158.82508537192703,51.03220108554748,-163.3981107109161,1624199315478201
-157.43160842982957,50.78834436400459,-161.78869387209093,1624199315486180
-156.05098618663018,50.589358512735195,-160.21573589839193,1624199315494159
-158.44947031487624,50.95927389460064,-161.20848034133797,1624199315508147
-155.71980935362572,50.432580045101055,-158.12323465577535,1624199315524079
-156.72785163313614,50.65838210814118,-158.54403430835703,1624199315530062
-157.6462348646256,50.343311666537446,-158.84998427823243,1624199315537045
-156.77325612276698,50.526276146815476,-157.83406649294184,1624199315543029
-155.06956752571196,49.91413422587478,-155.90442946560407,1624199315553999
-157.2775838009757,50.69200544451841,-156.81918608529907,1624199315567962
-155.99353764826984,50.30119722635419,-155.38093908361853,1624199315575940
-154.82900664680517,50.12527431182408,-154.09290664819602,1624199315582921
-154.6221126313933,50.82273837727031,-153.4803895167645,1624199315590901
-155.17574957646482,49.39663500940007,-153.01296935285583,1624199315606858
-155.07841263403225,49.92980203387263,-152.60088826204526,1624199315612841
-155.7724376515139,51.443794328569325,-152.24084112050306,1624199315628798
-155.75110540569332,50.873311299255555,-151.89536256443003,1624199315634783
-156.2584897882486,50.33937595665118,-151.9094313810407,1624199315641764
-157.6275746654632,50.868934513494565,-152.4904559284144,1624199315650739
-155.48131731270308,50.01343867089253,-150.10028876700383,1624199315664703
-156.53130727365007,50.436949710667044,-150.54234033249892,1624199315671684
-155.58708435934722,50.10481315078834,-149.50534100423465,1624199315677667
-159.46717228057844,51.753330968412435,-151.16941694509745,1624199315703599
-158.34702454366385,51.35053486793334,-149.9316563169198,1624199315710580
-157.09076960911,50.87749554809488,-148.5440377317736,1624199315718558
-156.06174451709836,50.24841986320738,-147.3592029053357,1624199315726537
-155.79981859271027,49.56662078712298,-146.82285897924154,1624199315733518
-156.31259315285385,50.98569019998767,-146.49874917526057,1624199315748480
-156.0202665370513,50.20438230152559,-145.89811763462427,1624199315756459
-155.29841648106344,48.058423417786294,-144.33783745611714,1624199315778399
-155.50595649825829,48.80202602668397,-144.12043233105405,1624199315786378
-155.62758971575738,49.44740344798204,-143.8850162674906,1624199315793359
-154.53308000046943,48.86062578643896,-142.6717569950473,1624199315801338
-156.07239677551283,49.990907667179705,-143.1519405201316,1624199315815332
-152.03718472886055,46.59055583425809,-138.25353833813355,1624199315853198
-152.81771281676737,47.24712848491498,-138.4186404084988,1624199315861177
-153.4697210167186,47.82493956563255,-138.53241286024823,1624199315868158
-157.7440587185276,49.582606374630345,-140.07897719563564,1624199315898079
-156.6867875151691,49.13346827406743,-138.88080504055375,1624199315905060
-155.50045247122446,48.61072822729513,-137.52986710120572,1624199315913038
-153.66918022925145,47.68011116349976,-135.38418875385378,1624199315926004
-154.59518933510643,48.120181092008195,-135.64655643373152,1624199315932985
-155.69848630622738,49.6430108365003,-135.35987553086963,1624199315950937
-155.21960248009728,48.89830332264149,-134.55988972920952,1624199315957919
-154.6630948309255,48.04610456280736,-133.63851276297322,1624199315965897
-155.44830527966624,47.43277563031066,-133.70487241688573,1624199315973876
-154.83152494625955,47.80165473117442,-132.78968002301292,1624199315980857
-156.3502161472018,48.93043459578834,-132.93256094149723,1624199315995817
-154.91857019412643,47.41651643703677,-130.87039615505591,1624199316010777
-155.52252034502018,48.06214939151834,-130.78136881622578,1624199316018756
-155.7603299355259,44.899069385026664,-128.96612357840036,1624199316048675
-155.83988027267742,45.55935424908233,-128.48003596093875,1624199316056653
-156.2864496318286,48.014724597102514,-126.81446410941774,1624199316085577
-157.19380105700426,47.506393443354646,-126.96231462418567,1624199316093556
-159.0677929774741,46.71583674895731,-127.36823295052169,1624199316108515
-158.29857978127947,47.04455821681468,-126.37066423240972,1624199316115496
-159.58916463239382,47.20064150823003,-126.831478587195,1624199316123476
-157.20751675163012,46.855149689302095,-124.22000251366053,1624199316138435
-159.64006327757278,47.12239232361635,-125.16848585166913,1624199316153395
-158.74084439360746,47.36897451044921,-124.13137965281197,1624199316160376
-159.82096561792866,47.01929603771728,-124.53407462951122,1624199316168355
-159.5436058670442,46.22184835449151,-123.97850088394189,1624199316176334
-159.5388816704102,47.58177171696827,-123.3322835802403,1624199316191295
-159.37244256912743,46.882950288260346,-122.92507969187676,1624199316198275
-158.8194783038039,46.11704729216641,-122.21106636218875,1624199316206254
-158.82433958284844,46.74803737922543,-121.95856537553345,1624199316213236
-158.31922886857424,45.24999013463202,-121.07070849650431,1624199316228196
-158.87301233105114,46.73858547325917,-120.90387211696417,1624199316244152
-158.60670716651387,46.141264784767095,-120.50707395019401,1624199316250136
-159.28982148687822,44.262882799309416,-120.40125372619043,1624199316270086
-159.06677670096718,45.20391088511059,-119.92464899587287,1624199316281054
-158.82539391329655,45.86838881551771,-119.52545738850819,1624199316289032
-161.10829747921184,46.42149594176333,-120.78603700294005,1624199316302995
-159.96695685732658,46.05751046485229,-119.75172424768904,1624199316311005
-157.86295341438512,45.37376176165232,-117.86814648790168,1624199316325967
-159.00214036313903,45.63327867108155,-118.5233985800398,1624199316332947
-162.74867163810617,46.5297449307322,-120.73933342110493,1624199316355854
-160.5246038217744,45.984189504489436,-118.87065616275783,1624199316370814
-162.95021619930947,46.58321619433173,-120.39879156107229,1624199316385774
-161.70249957634078,46.415288374559985,-119.4136079335175,1624199316393784
-162.83352910173065,46.43318345353778,-120.2169426122898,1624199316400734
-161.6557057040704,46.088950577156204,-119.38395080303042,1624199316408713
-165.27534983904297,47.20025480405225,-122.11318206467661,1624199316431651
-163.22223723304464,46.57298035154723,-120.7016172410763,1624199316445614
-162.0772566267088,46.19536305603784,-119.94891923736039,1624199316453593
-159.89385422755439,45.55558952983216,-118.57074423065623,1624199316468553
-161.02894197821266,46.08023454496108,-119.50614034254596,1624199316476532
-157.59331081913814,46.01351269942933,-117.39367305659364,1624199316498473
-158.70726013073906,46.09810877998445,-118.31461535225976,1624199316505454
-162.4194377656657,46.77832573501764,-121.45004630295225,1624199316528393
-161.3221812993838,46.61208484811492,-120.79193105383249,1624199316535374
-159.02392446440587,46.11283417446025,-119.43607044119322,1624199316550334
-160.14794628109996,46.29307545431462,-120.39308031337293,1624199316557316
-158.39018209723352,45.738331392630975,-119.39499518231442,1624199316569283
-161.3492986853481,46.53423089855635,-121.95519245693355,1624199316588233
-160.12193349842545,46.24331524495283,-121.24906769594807,1624199316596211
-159.0386031786066,46.03056622728674,-120.6285494529328,1624199316603192
-158.77423258882786,46.759533691896536,-120.62123841399399,1624199316611199
-158.85147168609817,46.11625698996567,-120.83538813305191,1624199316618180
-157.88452591469954,48.15232313806507,-120.65309047368902,1624199316641091
-158.6006163117458,46.89000119663463,-121.51657483627476,1624199316656051
-160.36603941833667,45.226363924145076,-123.3032463886652,1624199316678990
-159.92352202420392,47.26781305766595,-123.53606540980738,1624199316700931
-160.97322174114151,47.14901729767119,-124.49985609153316,1624199316707913
-162.22383322529265,47.462050342780856,-125.70957602833242,1624199316715891
-163.09790576042624,47.9827119923593,-126.6489170667335,1624199316722873
-161.90968662627938,47.54884720182684,-126.12547621209316,1624199316730851
-162.89793670269606,48.16110897241739,-127.23681903607068,1624199316738830
-161.86413304016583,47.77968109105979,-126.8182418157439,1624199316745812
-159.36370195328448,47.81930165877507,-125.75479173997323,1624199316760803
-160.60531946790712,47.807314981042786,-127.10734615904933,1624199316768783
-161.61362078537053,47.67036035291045,-128.24370730410635,1624199316775732
-160.2841859162761,47.62514022039558,-127.7247691127461,1624199316783710
-159.1554842636734,47.4019716356058,-127.30557712145428,1624199316790692
-156.7848132537722,46.849052580107376,-126.4683191471551,1624199316805685
-158.00931702417532,47.21953567250168,-127.84591125059532,1624199316813657
-159.11554182861195,47.45549577532517,-129.08570487294472,1624199316820644
-157.8098529110718,47.30429233271459,-128.61697165133782,1624199316828619
-155.36957805821964,47.15401223045636,-127.74577953122812,1624199316843550
-159.11936617315385,47.492285702321404,-131.94944223495446,1624199316867486
-153.25211039777224,47.097625177530375,-129.84013602062473,1624199316903409
-154.4962839971807,47.21829729665304,-131.21980060225548,1624199316911368
-161.0215540453962,46.54911775293506,-138.4669897790104,1624199316956248
-158.8346053009127,46.76153646256406,-137.6404859146883,1624199316971221
-152.14036870612725,47.26089443992588,-134.98597548681113,1624199317016088
